IDTEACH,IDSCHOOL,TT3G55A,TT3G55B,TT3G55C,TT3G55D,TT3G55E,TT3G55F,TT3G55G,TT3G55H,TT3G55I,CONT
300102,3001,2,3,2,2,2,2,3,3,3,1
300103,3001,2,2,3,1,2,3,2,3,1,1
300104,3001,3,3,3,3,3,3,3,3,3,1
300105,3001,3,3,3,3,3,3,3,3,3,1
300106,3001,2,1,1,1,3,1,2,2,1,1
300107,3001,3,3,3,3,3,3,3,3,2,1
300201,3002,3,3,2,3,3,3,3,3,2,1
300202,3002,3,2,3,3,3,3,3,3,3,1
300203,3002,3,3,3,3,3,3,3,3,2,1
300204,3002,3,3,3,3,3,3,3,3,3,1
300205,3002,3,3,3,3,3,3,3,3,3,1
300206,3002,3,3,3,3,3,3,3,3,1,1
300207,3002,0,0,0,0,0,0,0,0,0,1
300209,3002,3,2,2,3,3,3,3,3,3,1
300210,3002,3,2,2,3,3,3,3,3,3,1
300211,3002,3,3,3,3,3,3,3,3,3,1
300212,3002,3,3,3,3,3,3,3,3,3,1
300213,3002,3,3,3,3,3,3,3,3,3,1
300214,3002,3,3,3,3,3,3,3,3,2,1
300301,3003,3,2,1,3,3,3,3,3,3,1
300302,3003,3,3,3,3,3,3,3,3,3,1
300303,3003,3,3,1,2,3,1,3,3,3,1
300304,3003,3,3,3,3,3,3,3,3,3,1
300305,3003,3,3,3,3,3,3,3,3,3,1
300306,3003,3,3,3,3,3,3,3,3,3,1
300307,3003,3,3,3,3,3,3,3,3,3,1
300309,3003,3,3,3,1,3,3,3,3,1,1
300310,3003,3,3,3,1,2,1,3,3,2,1
300311,3003,0,0,0,0,0,0,0,0,0,1
300312,3003,3,3,3,3,3,3,3,3,3,1
300313,3003,3,3,2,3,3,3,3,3,2,1
300401,3004,3,2,2,3,3,2,3,3,2,1
300402,3004,2,3,3,3,3,3,3,3,3,1
300404,3004,2,3,3,3,3,3,3,3,2,1
300405,3004,3,3,2,3,3,3,3,3,2,1
300409,3004,3,3,3,3,3,3,2,3,2,1
300410,3004,1,3,3,3,3,3,3,3,2,1
300414,3004,3,3,3,3,3,3,3,3,3,1
300420,3004,3,3,3,3,3,3,3,3,3,1
300421,3004,2,2,3,3,3,3,3,3,1,1
300423,3004,3,3,3,3,3,3,3,3,3,1
300424,3004,3,3,3,3,3,3,3,3,3,1
300501,3005,3,3,3,3,3,3,3,3,3,1
300502,3005,3,3,3,3,3,3,3,3,2,1
300503,3005,2,3,3,3,3,3,3,3,3,1
300504,3005,3,3,3,3,3,3,3,3,3,1
300505,3005,3,2,2,2,3,3,3,3,1,1
300506,3005,2,3,2,3,3,3,3,3,2,1
300507,3005,3,2,3,3,3,3,3,2,2,1
300508,3005,2,3,3,3,3,3,3,3,3,1
300509,3005,3,3,2,3,3,3,3,3,3,1
300510,3005,3,3,3,3,3,3,3,3,3,1
300511,3005,1,2,1,1,1,1,1,1,1,1
300512,3005,3,3,3,2,3,3,3,3,2,1
300513,3005,3,3,3,3,3,3,3,3,2,1
300514,3005,3,3,2,3,3,3,3,3,3,1
300515,3005,3,3,1,3,3,3,3,3,2,1
300516,3005,2,2,2,3,3,3,3,3,2,1
300517,3005,3,3,2,3,3,3,3,3,3,1
300518,3005,3,3,3,3,3,3,3,3,3,1
300519,3005,3,3,2,3,3,3,3,3,1,1
300520,3005,3,3,3,3,3,3,3,3,3,1
300521,3005,2,3,2,3,3,2,3,3,2,1
300522,3005,2,3,3,2,3,3,3,3,3,1
300523,3005,3,3,3,3,3,3,3,3,2,1
300524,3005,3,3,3,3,3,3,3,3,3,1
300601,3006,2,2,2,3,2,2,3,2,2,1
300602,3006,2,2,2,3,3,3,3,3,3,1
300603,3006,3,3,3,3,2,3,3,3,3,1
300604,3006,1,2,3,3,2,3,3,3,2,1
300605,3006,3,2,3,3,2,3,3,3,3,1
300607,3006,2,2,2,3,3,3,3,3,3,1
300609,3006,1,3,3,3,3,3,3,3,3,1
300610,3006,2,2,3,3,2,3,3,3,2,1
300611,3006,3,2,3,3,3,3,3,3,3,1
300612,3006,2,3,2,3,3,3,3,3,2,1
300613,3006,2,2,2,3,3,3,3,3,2,1
300614,3006,2,2,2,3,3,3,3,3,3,1
300615,3006,3,2,3,2,2,3,3,2,3,1
300616,3006,2,2,2,3,3,3,3,3,3,1
300617,3006,3,3,3,3,3,3,3,3,3,1
300618,3006,1,1,3,3,3,3,3,3,3,1
300619,3006,2,2,2,2,1,2,3,3,2,1
300620,3006,3,2,2,3,2,2,3,3,3,1
300621,3006,3,2,2,3,3,3,3,3,1,1
300622,3006,3,3,3,3,2,2,3,3,2,1
300623,3006,3,3,3,3,3,3,3,3,3,1
300624,3006,2,2,2,2,3,3,3,3,2,1
300625,3006,2,1,3,3,3,3,3,3,3,1
300626,3006,2,2,2,3,2,3,3,3,3,1
300627,3006,2,3,3,3,3,3,2,3,3,1
300628,3006,2,2,2,2,2,2,2,2,2,1
300629,3006,1,1,1,2,1,1,2,3,3,1
300702,3007,3,2,2,3,2,3,3,3,3,1
300705,3007,3,3,3,3,3,3,3,3,3,1
300707,3007,0,0,0,0,0,0,0,0,0,1
300801,3008,3,3,3,3,3,3,3,3,2,1
300802,3008,2,3,3,3,3,3,3,3,3,1
300803,3008,2,3,3,3,2,3,3,3,2,1
300804,3008,3,3,2,3,2,3,3,3,3,1
300805,3008,3,3,3,2,3,3,3,3,3,1
300806,3008,3,3,3,2,3,3,3,3,2,1
300807,3008,3,2,2,2,2,2,3,3,2,1
300808,3008,3,3,3,1,1,1,3,3,1,1
300809,3008,2,2,3,3,3,3,3,3,3,1
300810,3008,3,2,2,3,3,3,3,3,2,1
300811,3008,3,3,3,3,3,3,3,3,3,1
300812,3008,3,3,3,3,3,3,3,3,3,1
300813,3008,2,3,3,3,3,3,3,3,2,1
300814,3008,2,3,2,3,2,3,3,3,2,1
300815,3008,2,2,2,3,2,3,3,3,3,1
300816,3008,3,3,3,3,3,3,3,3,3,1
300817,3008,3,3,3,3,3,3,3,3,3,1
300818,3008,3,3,3,3,3,3,3,3,1,1
300819,3008,3,3,2,2,2,3,3,2,2,1
300901,3009,3,2,3,2,0,1,3,3,3,1
300902,3009,2,3,1,2,2,3,3,3,2,1
300903,3009,2,2,3,3,3,3,3,3,3,1
300904,3009,3,1,3,3,3,2,3,3,3,1
300905,3009,3,3,2,3,3,3,3,3,3,1
300906,3009,3,3,3,3,2,3,3,3,3,1
300907,3009,3,3,3,3,3,3,3,3,1,1
300908,3009,3,3,3,3,3,3,3,3,3,1
301001,3010,3,2,3,3,3,3,3,2,3,1
301002,3010,3,3,3,3,3,3,3,3,3,1
301003,3010,3,3,3,2,3,3,3,3,3,1
301006,3010,3,3,3,3,3,3,3,3,3,1
301007,3010,2,2,2,2,3,3,3,3,3,1
301008,3010,3,3,3,3,3,3,3,3,3,1
301009,3010,3,3,2,3,3,3,3,3,3,1
301010,3010,3,2,2,3,3,3,3,1,2,1
301011,3010,2,2,1,2,3,3,3,2,3,1
301013,3010,2,2,2,3,3,3,3,3,3,1
301014,3010,2,3,2,3,3,3,3,3,3,1
301017,3010,3,3,3,3,3,3,3,3,3,1
301018,3010,2,2,2,2,3,3,0,3,3,1
301020,3010,2,3,2,3,3,3,3,3,3,1
301201,3012,3,3,3,3,3,3,3,3,3,1
301202,3012,3,3,3,3,3,3,3,3,3,1
301203,3012,2,3,3,3,3,3,3,3,3,1
301204,3012,3,2,3,3,3,3,3,3,3,1
301205,3012,3,3,3,3,3,3,3,3,3,1
301206,3012,3,3,3,3,3,3,3,3,3,1
301207,3012,3,3,3,3,2,3,3,3,1,1
301208,3012,3,3,3,3,3,3,3,3,3,1
301209,3012,0,0,0,0,0,0,0,0,0,1
301210,3012,0,0,0,0,0,0,0,0,0,1
301211,3012,2,2,1,3,2,1,3,3,2,1
301212,3012,3,2,3,3,3,3,3,3,3,1
301213,3012,0,0,0,0,0,0,0,0,0,1
301214,3012,3,3,3,3,3,3,3,3,3,1
301217,3012,3,3,3,3,3,3,3,3,3,1
301218,3012,3,3,3,3,3,3,3,3,3,1
301220,3012,2,1,2,3,2,3,3,2,3,1
301301,3013,3,3,3,3,3,3,3,3,3,1
301302,3013,3,3,2,3,3,3,3,3,3,1
301303,3013,3,3,3,3,3,3,3,3,3,1
301304,3013,3,3,3,3,3,3,3,3,3,1
301305,3013,3,3,3,3,3,3,3,3,3,1
301306,3013,3,3,3,3,3,3,3,3,2,1
301307,3013,3,3,3,3,3,3,3,3,3,1
301308,3013,3,3,3,3,3,3,3,3,3,1
301309,3013,3,2,0,2,3,3,3,2,2,1
301310,3013,3,3,1,3,3,3,3,3,3,1
301311,3013,2,3,3,3,3,3,3,3,2,1
301312,3013,3,3,3,3,3,3,3,3,2,1
301313,3013,3,3,3,3,3,3,3,3,3,1
301314,3013,3,3,3,3,3,3,3,3,3,1
301315,3013,1,2,2,3,2,2,3,3,3,1
301316,3013,3,3,3,3,2,3,3,3,3,1
301317,3013,3,3,3,1,2,3,3,3,3,1
301401,3014,1,1,2,2,1,2,2,3,3,1
301404,3014,3,3,3,1,1,3,3,3,2,1
301406,3014,3,3,3,3,3,3,3,3,3,1
301410,3014,2,2,2,3,3,3,3,3,3,1
301413,3014,2,2,2,2,2,3,3,3,3,1
301414,3014,2,2,2,3,2,3,3,3,3,1
301416,3014,3,3,2,2,3,3,3,3,2,1
301417,3014,3,2,2,2,2,2,2,3,3,1
301418,3014,2,3,3,3,3,3,3,3,3,1
301420,3014,3,3,3,2,2,2,2,3,2,1
301422,3014,2,2,2,2,2,3,3,3,2,1
301501,3015,3,3,3,3,3,3,3,3,3,1
301502,3015,0,0,0,0,0,0,0,0,0,1
301505,3015,3,3,3,3,3,3,3,3,3,1
301507,3015,1,1,1,3,2,2,1,2,3,1
301510,3015,0,0,0,0,0,0,0,0,0,1
301511,3015,0,0,0,0,0,0,0,0,0,1
301512,3015,2,3,2,3,3,3,3,3,3,1
301514,3015,3,2,2,3,3,3,3,3,2,1
301516,3015,2,2,2,3,3,3,3,3,3,1
301518,3015,3,3,3,3,3,3,3,3,3,1
301520,3015,0,0,0,0,0,0,0,0,0,1
301601,3016,3,3,3,3,3,3,3,3,0,1
301602,3016,2,3,3,2,3,3,3,3,2,1
301603,3016,3,3,3,3,3,3,3,3,3,1
301604,3016,2,3,2,3,3,3,3,3,3,1
301605,3016,3,2,1,3,3,3,3,3,2,1
301606,3016,2,2,2,3,3,3,3,3,3,1
301608,3016,3,3,3,3,3,3,3,3,3,1
301609,3016,3,3,2,2,3,3,3,3,3,1
301701,3017,3,2,3,3,2,3,2,3,3,1
301702,3017,3,3,2,3,3,3,3,3,2,1
301703,3017,3,3,3,3,3,3,3,3,1,1
301704,3017,2,2,1,2,1,2,3,3,2,1
301705,3017,3,3,3,3,3,3,3,3,3,1
301706,3017,3,3,3,3,3,3,3,3,3,1
301707,3017,3,3,3,3,3,3,3,3,3,1
301708,3017,3,2,2,3,3,2,3,3,3,1
301709,3017,3,3,3,3,3,3,3,3,3,1
301710,3017,3,3,3,3,3,3,3,3,2,1
301711,3017,3,3,2,3,2,3,3,3,1,1
301712,3017,3,3,2,3,3,3,3,3,3,1
301713,3017,3,2,3,3,3,3,3,3,2,1
301714,3017,2,2,3,3,3,3,3,3,3,1
301715,3017,2,1,2,3,2,2,3,3,2,1
301716,3017,3,3,3,3,3,3,3,3,3,1
301717,3017,2,1,1,2,1,3,3,3,1,1
301801,3018,3,3,2,3,2,3,3,3,3,1
301802,3018,3,3,2,3,3,3,3,3,2,1
301803,3018,3,3,2,2,2,3,3,3,2,1
301804,3018,3,3,2,3,3,3,3,3,3,1
301805,3018,2,3,2,3,3,3,3,3,3,1
301806,3018,3,3,3,3,3,3,3,3,2,1
301807,3018,3,3,3,2,3,3,3,3,2,1
301808,3018,2,2,3,2,2,3,3,3,3,1
301809,3018,3,3,2,3,3,3,3,3,2,1
301810,3018,3,3,3,3,2,3,3,3,3,1
301811,3018,3,3,2,3,3,3,3,3,3,1
301812,3018,3,3,2,3,3,3,3,3,3,1
301813,3018,3,3,3,3,3,3,3,3,3,1
301814,3018,3,3,2,3,3,2,3,3,2,1
301901,3019,3,1,2,2,3,2,3,3,1,1
301903,3019,3,3,3,3,3,3,3,3,3,1
301904,3019,3,3,3,3,3,3,3,3,3,1
301905,3019,3,3,2,3,3,3,3,3,3,1
301908,3019,2,2,2,3,3,2,3,3,3,1
301910,3019,3,2,2,3,3,2,3,3,3,1
301911,3019,3,3,3,3,3,3,3,3,3,1
301913,3019,2,2,2,3,3,3,3,3,2,1
301915,3019,3,3,2,3,3,3,3,3,3,1
301916,3019,3,2,2,3,3,3,3,3,3,1
301917,3019,3,2,3,2,3,3,3,3,3,1
301918,3019,2,1,3,2,3,3,3,3,3,1
302001,3020,1,1,3,3,3,3,3,3,3,1
302002,3020,1,1,1,3,3,2,3,3,3,1
302003,3020,3,3,3,2,3,3,3,3,1,1
302004,3020,3,3,3,2,3,3,3,3,2,1
302005,3020,3,3,3,3,3,3,3,3,3,1
302006,3020,3,2,2,2,3,3,3,2,2,1
302007,3020,3,3,3,3,3,3,3,3,3,1
302008,3020,3,3,2,3,3,3,3,3,2,1
302009,3020,3,3,3,3,3,3,3,3,3,1
302010,3020,3,3,3,3,3,3,3,3,2,1
302012,3020,3,3,3,3,3,3,3,3,3,1
302013,3020,3,3,3,2,3,3,3,3,3,1
302014,3020,3,3,2,3,3,3,3,3,2,1
302015,3020,3,3,3,3,3,3,3,3,2,1
302101,3021,3,2,3,3,3,3,3,3,3,1
302102,3021,3,2,2,1,3,3,3,3,1,1
302103,3021,2,2,3,3,3,3,3,3,3,1
302104,3021,3,3,1,3,3,3,3,3,2,1
302105,3021,3,3,3,3,3,3,3,3,3,1
302106,3021,3,3,3,3,3,3,3,3,2,1
302107,3021,2,2,1,3,3,3,3,3,3,1
302108,3021,3,3,3,2,3,3,3,3,2,1
302109,3021,2,3,2,3,3,3,3,3,2,1
302110,3021,3,3,3,3,3,3,3,3,1,1
302111,3021,2,1,2,3,3,3,3,3,3,1
302112,3021,3,3,3,1,2,3,3,3,2,1
302113,3021,3,3,3,3,3,3,3,3,3,1
302114,3021,3,3,3,3,3,3,3,3,3,1
302115,3021,2,2,2,2,3,3,3,3,2,1
302116,3021,3,2,2,3,2,3,3,3,3,1
302117,3021,3,3,3,3,3,3,3,3,3,1
302118,3021,3,3,3,3,3,3,3,3,3,1
302201,3022,2,2,3,3,3,3,2,3,2,1
302202,3022,3,3,2,3,2,3,2,3,3,1
302203,3022,3,2,1,3,3,3,3,3,2,1
302204,3022,2,2,2,3,3,2,3,3,3,1
302205,3022,3,3,3,3,3,3,3,3,3,1
302207,3022,3,3,3,3,3,3,3,3,3,1
302209,3022,3,3,3,3,3,3,3,3,3,1
302211,3022,3,2,2,3,3,3,3,3,3,1
302212,3022,3,1,3,3,3,3,3,2,1,1
302213,3022,3,3,3,3,3,3,3,3,3,1
302214,3022,2,2,2,3,2,3,3,3,3,1
302215,3022,3,3,3,3,3,3,3,3,3,1
302216,3022,2,2,3,3,2,3,3,2,2,1
302217,3022,2,2,2,3,3,2,3,3,3,1
302301,3023,3,3,3,3,3,3,3,3,2,1
302302,3023,3,3,3,3,3,3,3,3,3,1
302303,3023,3,3,3,3,3,3,3,3,2,1
302304,3023,3,3,2,3,3,3,3,3,3,1
302306,3023,2,1,2,3,3,2,3,3,1,1
302307,3023,3,3,2,3,3,3,3,3,3,1
302308,3023,3,3,3,3,3,3,3,3,2,1
302309,3023,1,2,1,3,2,1,3,3,1,1
302310,3023,3,3,3,3,3,3,3,3,3,1
302401,3024,3,3,3,3,3,3,3,3,3,1
302403,3024,3,3,3,3,3,3,3,3,3,1
302404,3024,3,3,3,3,3,3,3,3,3,1
302405,3024,3,3,3,3,3,3,3,3,3,1
302408,3024,2,3,3,3,3,3,2,3,3,1
302409,3024,2,2,3,1,1,3,3,3,2,1
302410,3024,2,2,2,3,2,3,2,3,3,1
302413,3024,3,3,3,3,3,3,3,3,3,1
302414,3024,2,3,3,3,3,3,3,3,3,1
302418,3024,3,2,2,3,3,3,3,3,3,1
302420,3024,2,1,2,3,2,2,3,3,3,1
302502,3025,0,0,0,0,0,0,0,0,0,1
302503,3025,3,3,3,3,0,3,3,3,3,1
302506,3025,3,3,3,3,3,3,3,3,3,1
302508,3025,2,2,1,2,2,3,3,3,3,1
302601,3026,3,3,3,3,3,3,3,3,3,1
302603,3026,2,2,2,3,3,3,3,3,3,1
302604,3026,3,3,0,0,3,0,0,3,0,1
302605,3026,0,0,0,0,0,0,0,0,0,1
302607,3026,3,3,3,3,3,3,3,3,3,1
302701,3027,2,2,3,3,3,3,3,3,3,1
302702,3027,3,2,2,2,2,3,2,1,1,1
302703,3027,3,2,3,3,2,3,3,3,3,1
302704,3027,2,2,3,2,1,2,3,3,3,1
302706,3027,3,3,3,3,3,3,3,3,3,1
302707,3027,3,2,3,3,3,3,3,3,3,1
302708,3027,2,2,2,3,2,2,3,3,3,1
302709,3027,3,3,3,3,3,3,3,3,2,1
302710,3027,2,2,2,2,2,2,2,3,3,1
302711,3027,3,3,3,3,3,3,3,3,3,1
302712,3027,3,3,3,3,3,3,3,3,2,1
302713,3027,2,2,3,3,3,3,3,3,3,1
302714,3027,3,3,3,3,3,3,3,3,3,1
302715,3027,3,2,3,3,3,3,3,3,3,1
302716,3027,3,3,2,3,3,1,3,2,3,1
302717,3027,3,3,3,3,3,3,3,3,3,1
302718,3027,2,2,3,3,3,3,3,3,2,1
302801,3028,2,3,3,3,3,3,3,3,3,1
302802,3028,3,2,3,1,1,3,3,3,2,1
302803,3028,1,1,2,3,3,3,3,3,3,1
302804,3028,3,3,2,2,2,3,3,3,2,1
302805,3028,2,2,3,3,3,3,3,3,2,1
302806,3028,3,3,3,3,3,3,3,3,2,1
302807,3028,2,3,2,3,3,3,3,3,3,1
302808,3028,3,3,3,3,3,3,3,3,3,1
302809,3028,2,2,3,1,2,3,3,3,3,1
302810,3028,3,3,3,2,3,3,3,3,3,1
302811,3028,3,1,1,1,1,2,3,3,2,1
302812,3028,3,2,2,3,3,3,3,3,3,1
302813,3028,2,3,3,3,3,3,3,3,3,1
302814,3028,3,2,3,3,2,3,3,3,2,1
302815,3028,3,3,3,3,2,3,3,3,3,1
302816,3028,3,2,2,3,3,3,3,3,2,1
302817,3028,2,2,2,3,3,3,3,3,3,1
302818,3028,3,2,3,3,2,2,3,3,3,1
302819,3028,3,3,3,3,3,3,3,3,2,1
302820,3028,3,3,2,3,3,3,3,3,3,1
302901,3029,0,0,0,0,0,0,0,3,0,1
302903,3029,0,0,0,0,0,0,0,0,0,1
302904,3029,3,3,3,2,3,3,3,3,2,1
302905,3029,2,2,2,3,3,3,3,3,3,1
302906,3029,3,3,3,2,3,3,3,3,3,1
302907,3029,1,2,3,3,3,2,2,0,2,1
302908,3029,2,2,1,2,3,2,2,1,1,1
302909,3029,3,3,3,3,3,3,3,3,3,1
302910,3029,2,3,3,3,3,3,3,3,2,1
303001,3030,3,3,3,3,3,3,3,3,3,1
303002,3030,3,3,2,3,3,3,3,3,3,1
303003,3030,0,0,0,0,0,0,0,0,0,1
303004,3030,3,3,3,3,2,3,3,3,3,1
303005,3030,3,3,3,3,3,3,3,3,3,1
303006,3030,3,3,3,3,3,3,3,3,3,1
303007,3030,3,3,3,3,3,3,3,3,3,1
303008,3030,3,3,3,3,3,3,3,3,2,1
303009,3030,3,3,3,2,3,3,3,3,3,1
303010,3030,1,3,1,3,1,1,1,3,1,1
303011,3030,3,3,3,3,3,3,3,3,3,1
303012,3030,3,2,1,2,2,3,3,2,1,1
303013,3030,3,2,1,3,3,3,3,3,3,1
303014,3030,3,3,3,3,3,3,3,3,3,1
303015,3030,3,3,3,3,3,3,3,3,3,1
303016,3030,3,3,3,3,3,3,3,3,3,1
303101,3031,3,2,3,2,3,3,3,3,3,1
303102,3031,3,3,3,3,3,3,2,2,1,1
303103,3031,3,3,3,3,3,3,3,3,3,1
303104,3031,3,3,3,3,3,3,3,3,3,1
303105,3031,3,3,3,3,3,3,3,3,3,1
303106,3031,2,3,2,2,3,3,3,3,3,1
303109,3031,3,3,3,3,3,3,3,3,3,1
303110,3031,2,3,2,2,3,3,3,3,3,1
303111,3031,3,3,3,3,3,3,3,3,3,1
303112,3031,3,3,3,3,3,3,3,3,3,1
303202,3032,0,0,0,0,0,0,0,0,0,1
303203,3032,3,3,3,3,3,3,3,3,3,1
303204,3032,3,3,2,2,3,3,3,3,2,1
303205,3032,2,3,2,3,3,3,3,3,3,1
303206,3032,3,3,3,3,3,3,3,3,2,1
303207,3032,3,3,2,3,3,3,3,3,3,1
303208,3032,3,3,2,3,3,3,3,3,2,1
303210,3032,3,3,3,3,3,3,3,3,3,1
303301,3033,3,2,3,3,3,3,3,3,3,1
303302,3033,1,2,3,3,2,3,3,3,1,1
303303,3033,3,2,3,2,1,3,3,3,2,1
303304,3033,3,3,2,2,2,3,3,3,3,1
303305,3033,2,2,2,3,3,3,3,3,3,1
303306,3033,2,3,3,3,3,3,3,3,3,1
303307,3033,0,0,0,0,0,0,0,0,0,1
303308,3033,3,3,3,3,3,3,3,3,3,1
303309,3033,3,3,2,2,3,3,3,3,3,1
303310,3033,3,3,3,3,3,3,0,3,3,1
303311,3033,2,2,3,2,2,3,3,3,1,1
303401,3034,3,3,3,3,3,3,3,3,2,1
303402,3034,3,2,3,3,3,3,3,3,3,1
303403,3034,3,3,2,3,3,3,3,3,3,1
303404,3034,1,1,1,1,1,1,1,1,1,1
303405,3034,3,2,1,3,3,3,3,3,3,1
303406,3034,1,2,1,3,2,2,3,3,3,1
303407,3034,2,2,2,3,3,3,3,3,3,1
303408,3034,3,3,3,3,3,3,3,3,3,1
303409,3034,3,3,1,3,2,2,3,3,3,1
303410,3034,3,3,2,3,3,3,3,3,2,1
303411,3034,2,3,2,3,2,2,3,3,3,1
303412,3034,3,1,2,2,3,3,3,3,3,1
303413,3034,2,3,3,3,3,3,3,3,3,1
303501,3035,3,2,3,3,3,3,3,3,2,1
303502,3035,3,3,3,3,3,3,3,3,2,1
303503,3035,2,3,2,3,3,3,3,3,2,1
303504,3035,3,3,3,2,3,3,3,3,2,1
303505,3035,2,3,3,3,3,2,3,3,3,1
303506,3035,3,3,0,2,2,3,3,3,1,1
303507,3035,3,3,3,3,3,3,3,2,2,1
303508,3035,3,3,3,3,3,3,3,3,3,1
303509,3035,2,3,3,3,3,3,3,3,1,1
303510,3035,2,3,3,3,3,3,3,3,3,1
303511,3035,3,3,3,3,3,3,3,3,3,1
303601,3036,0,0,0,0,0,0,0,0,0,1
303602,3036,3,3,3,3,3,3,3,3,3,1
303603,3036,3,2,3,2,3,3,3,3,3,1
303604,3036,2,2,3,3,3,3,3,3,3,1
303605,3036,2,3,2,3,3,3,3,3,3,1
303606,3036,3,3,3,3,3,3,3,3,2,1
303607,3036,3,3,3,3,3,3,3,3,3,1
303609,3036,3,3,1,3,3,3,3,3,3,1
303611,3036,2,2,2,3,3,3,3,3,3,1
303612,3036,3,3,3,3,3,3,3,3,3,1
303613,3036,0,0,0,0,0,0,0,0,0,1
303614,3036,3,3,3,3,3,3,3,3,3,1
303615,3036,2,2,2,3,3,3,3,3,3,1
303616,3036,3,3,3,3,3,3,3,3,3,1
303701,3037,0,0,0,0,0,0,0,0,0,1
303702,3037,2,3,2,3,3,0,3,3,3,1
303704,3037,3,3,3,3,3,3,3,3,3,1
303705,3037,3,2,1,2,2,2,2,3,2,1
303706,3037,0,0,0,0,0,0,0,0,0,1
303707,3037,2,3,2,3,3,3,3,3,2,1
303708,3037,3,3,2,3,3,3,3,3,3,1
303711,3037,3,3,3,3,3,3,3,3,3,1
303712,3037,3,3,3,3,3,3,3,3,3,1
303713,3037,3,3,3,3,3,3,3,3,3,1
303801,3038,3,3,3,3,3,3,3,3,3,1
303802,3038,3,3,2,3,3,3,3,3,3,1
303803,3038,2,2,2,3,2,3,3,3,3,1
303805,3038,3,3,1,2,2,3,3,3,2,1
303806,3038,2,2,3,3,3,3,3,3,3,1
303807,3038,3,3,3,2,2,3,3,3,2,1
303808,3038,2,2,3,3,2,2,2,3,1,1
303809,3038,3,3,3,3,3,3,3,3,3,1
303901,3039,2,3,2,2,2,3,3,3,3,1
303902,3039,3,3,3,3,3,3,3,3,3,1
303903,3039,3,3,3,3,3,3,3,3,3,1
303904,3039,1,3,3,3,1,3,3,3,1,1
303905,3039,3,3,3,3,3,3,3,3,3,1
303906,3039,3,3,3,3,3,3,3,3,3,1
303907,3039,3,3,3,3,3,3,3,3,3,1
303908,3039,3,3,3,3,3,3,3,3,3,1
303909,3039,3,3,3,3,3,3,3,3,3,1
303910,3039,3,3,3,3,3,3,3,3,2,1
303911,3039,2,2,1,2,1,2,2,2,1,1
303912,3039,3,3,2,2,3,3,3,3,2,1
303913,3039,3,3,2,3,3,3,3,3,3,1
303914,3039,3,3,3,3,3,3,3,3,3,1
303915,3039,3,3,3,3,3,3,3,3,3,1
303916,3039,3,3,3,3,3,3,3,3,3,1
303917,3039,2,3,3,3,3,3,3,3,3,1
303918,3039,3,3,3,3,3,3,3,3,3,1
303919,3039,3,3,3,2,3,3,3,3,2,1
303920,3039,3,3,1,2,3,3,3,3,1,1
303921,3039,2,3,2,2,2,3,3,3,3,1
303922,3039,3,3,2,3,3,3,3,3,3,1
303923,3039,3,3,3,2,3,3,3,3,2,1
303924,3039,3,2,2,3,1,2,2,3,1,1
303925,3039,3,3,3,3,3,3,3,3,3,1
304001,3040,3,2,2,2,3,3,3,3,3,1
304002,3040,2,1,2,3,1,3,3,2,3,1
304003,3040,0,0,0,0,0,0,0,0,0,1
304004,3040,3,3,2,3,3,3,3,3,3,1
304005,3040,3,3,3,3,3,3,3,3,2,1
304006,3040,2,3,2,3,1,3,3,3,2,1
304007,3040,3,3,3,3,3,3,3,3,3,1
304008,3040,3,3,3,3,1,2,3,3,3,1
304009,3040,2,3,3,3,3,3,3,3,3,1
304010,3040,3,3,3,3,3,3,3,3,3,1
304011,3040,2,2,1,2,3,3,3,3,3,1
304012,3040,3,3,2,3,3,3,3,3,3,1
304013,3040,2,2,2,2,2,2,2,2,2,1
304014,3040,3,2,3,3,3,3,3,3,2,1
304015,3040,3,3,3,3,3,3,3,3,3,1
304101,3041,0,0,0,0,0,0,0,0,0,1
304102,3041,2,3,1,3,3,3,2,3,2,1
304103,3041,1,1,1,2,2,2,3,3,2,1
304104,3041,3,3,3,3,3,3,3,3,3,1
304105,3041,3,3,2,3,2,3,3,2,2,1
304106,3041,3,2,1,3,3,3,3,3,3,1
304107,3041,3,3,1,3,3,3,3,1,1,1
304108,3041,3,3,3,3,3,3,3,3,2,1
304109,3041,2,3,3,3,3,3,3,3,3,1
304110,3041,3,3,3,3,3,3,3,3,3,1
304111,3041,3,3,2,3,3,3,3,3,3,1
304112,3041,3,3,3,3,3,3,3,3,2,1
304113,3041,3,3,2,2,3,3,3,3,3,1
304114,3041,3,3,2,3,3,3,3,3,3,1
304201,3042,3,2,1,3,3,3,3,3,3,1
304203,3042,3,3,3,3,3,3,3,3,3,1
304204,3042,2,2,2,3,3,3,3,3,3,1
304205,3042,3,3,3,3,3,3,3,3,3,1
304206,3042,3,3,2,3,3,3,3,3,3,1
304208,3042,3,3,3,3,3,3,3,3,2,1
304209,3042,2,2,2,3,3,3,2,2,3,1
304210,3042,2,2,2,2,2,2,2,3,3,1
304211,3042,3,3,3,3,3,3,3,3,3,1
304212,3042,3,3,3,3,3,3,3,3,3,1
304213,3042,2,2,1,2,3,2,3,3,1,1
304215,3042,3,3,3,3,3,3,3,3,3,1
304217,3042,3,1,2,3,3,2,2,3,3,1
304219,3042,3,3,3,3,3,3,3,3,3,1
304220,3042,3,3,3,3,3,3,3,3,3,1
304221,3042,2,2,1,2,3,2,3,3,1,1
304222,3042,3,3,2,3,3,3,3,3,3,1
304223,3042,3,3,3,3,2,3,3,3,3,1
304224,3042,3,3,3,3,2,3,2,3,3,1
304225,3042,2,3,3,3,3,3,3,3,3,1
304301,3043,1,2,2,3,3,3,3,3,3,1
304302,3043,2,3,3,3,2,3,3,3,3,1
304303,3043,2,3,2,3,2,2,3,3,3,1
304304,3043,2,2,3,3,3,3,3,3,3,1
304305,3043,3,3,3,3,3,3,3,3,3,1
304306,3043,3,3,3,3,3,3,3,3,3,1
304307,3043,3,2,1,2,2,2,3,2,3,1
304308,3043,3,2,3,3,3,3,3,3,3,1
304310,3043,3,3,3,3,3,3,3,3,2,1
304311,3043,2,2,3,2,3,3,3,3,2,1
304312,3043,3,3,1,3,3,2,3,3,3,1
304313,3043,3,2,3,3,2,3,3,3,2,1
304314,3043,3,3,3,3,3,3,3,3,3,1
304315,3043,3,2,2,3,3,3,3,3,2,1
304316,3043,3,3,2,3,3,3,3,3,3,1
304402,3044,3,3,2,3,3,3,3,3,3,1
304405,3044,2,1,1,3,3,3,3,3,2,1
304406,3044,2,2,3,3,3,3,3,3,3,1
304407,3044,2,2,3,3,3,3,3,3,3,1
304409,3044,2,2,3,3,2,3,3,3,2,1
304410,3044,2,2,3,3,2,3,3,3,3,1
304411,3044,2,1,0,3,3,3,3,3,3,1
304501,3045,2,3,2,3,2,2,3,3,2,1
304504,3045,3,3,2,3,3,3,3,3,2,1
304505,3045,3,3,3,3,3,3,3,3,3,1
304507,3045,3,3,3,3,3,3,3,3,3,1
304508,3045,3,3,2,1,2,3,3,3,1,1
304510,3045,1,1,2,3,3,3,2,2,3,1
304511,3045,0,0,0,0,0,0,0,0,0,1
304512,3045,3,3,3,3,3,3,3,3,3,1
304514,3045,3,3,3,3,3,3,3,3,3,1
304515,3045,3,3,3,3,3,3,3,3,3,1
304601,3046,3,2,3,3,2,3,3,3,3,1
304602,3046,3,3,3,3,3,3,3,3,3,1
304603,3046,3,3,3,3,3,3,3,3,3,1
304604,3046,3,3,3,3,3,3,3,3,3,1
304605,3046,2,3,3,3,3,3,3,3,3,1
304606,3046,3,3,3,3,3,3,3,3,3,1
304607,3046,3,3,3,3,3,3,3,3,3,1
304701,3047,3,3,3,3,3,3,3,3,3,1
304702,3047,3,3,3,3,3,3,3,3,3,1
304704,3047,2,3,2,3,3,3,3,3,2,1
304705,3047,2,3,3,3,3,2,3,3,3,1
304706,3047,3,3,3,2,3,3,3,3,1,1
304709,3047,2,1,1,3,3,2,3,3,3,1
304710,3047,3,3,2,3,3,3,3,3,2,1
304711,3047,3,2,2,2,3,3,3,2,1,1
304712,3047,3,3,3,3,3,3,3,3,3,1
304713,3047,3,3,3,3,3,3,3,3,3,1
304714,3047,3,3,3,3,3,3,3,3,3,1
304715,3047,2,1,3,1,1,3,3,2,2,1
304716,3047,3,3,3,3,3,3,3,3,2,1
304801,3048,1,3,3,3,0,2,3,3,2,1
304804,3048,2,2,2,2,2,2,2,2,2,1
304806,3048,2,2,2,2,2,2,2,2,2,1
304807,3048,2,3,2,3,3,3,3,3,3,1
304808,3048,2,3,2,3,3,2,3,3,3,1
304809,3048,2,2,2,3,3,2,3,3,2,1
304810,3048,2,2,2,3,3,3,3,3,3,1
304901,3049,3,2,2,3,2,3,3,3,2,1
304902,3049,3,2,2,3,3,3,3,3,2,1
304903,3049,3,3,3,3,3,3,3,3,3,1
304904,3049,1,1,1,3,3,1,3,3,2,1
304905,3049,3,3,3,3,3,3,3,3,3,1
304907,3049,3,3,3,3,3,3,3,3,3,1
304908,3049,2,3,3,3,3,3,3,3,3,1
304909,3049,3,3,3,3,3,3,3,3,2,1
304910,3049,3,3,3,3,2,3,3,3,3,1
304913,3049,3,3,3,3,3,3,3,3,2,1
305001,3050,3,2,2,1,3,3,3,3,1,1
305002,3050,3,3,2,3,3,3,3,3,2,1
305003,3050,3,3,3,3,3,3,3,3,2,1
305004,3050,3,2,2,1,3,3,3,3,3,1
305005,3050,3,3,3,3,3,3,3,3,3,1
305101,3051,3,3,3,3,3,3,3,3,3,1
305103,3051,2,2,3,2,3,2,3,3,2,1
305104,3051,3,3,3,3,3,3,3,3,3,1
305105,3051,3,3,2,3,3,3,3,3,3,1
305106,3051,3,3,3,3,3,3,3,3,3,1
305107,3051,3,3,3,3,3,3,3,3,3,1
305108,3051,3,3,3,3,3,3,3,3,3,1
305109,3051,3,3,3,3,3,3,3,3,3,1
305110,3051,2,2,3,2,3,3,3,3,2,1
305111,3051,3,2,3,2,3,3,3,3,3,1
305112,3051,0,0,0,0,0,0,0,0,0,1
305113,3051,2,3,3,2,3,3,3,3,2,1
305114,3051,3,3,3,3,3,3,3,3,3,1
305115,3051,2,2,3,3,3,2,3,3,3,1
305116,3051,3,3,3,3,3,3,3,3,3,1
305118,3051,3,3,2,3,3,3,3,3,3,1
305201,3052,3,2,1,2,3,3,3,3,3,1
305202,3052,2,2,3,3,3,2,2,2,3,1
305203,3052,2,1,1,3,3,2,2,3,3,1
305204,3052,3,3,3,3,3,3,3,3,3,1
305205,3052,3,2,2,2,2,3,3,3,3,1
305206,3052,3,2,3,3,3,3,3,3,3,1
305207,3052,2,1,2,3,3,3,3,3,2,1
305208,3052,3,2,3,2,1,3,3,2,2,1
305209,3052,0,0,0,0,0,0,0,0,0,1
305210,3052,2,2,2,3,3,3,3,3,3,1
305211,3052,3,2,3,2,2,3,3,3,2,1
305212,3052,3,3,1,2,3,3,3,3,2,1
305213,3052,2,2,2,2,2,2,2,3,3,1
305214,3052,3,2,3,3,3,3,3,3,3,1
305216,3052,3,3,3,3,3,3,3,3,3,1
305218,3052,3,3,3,3,3,3,3,3,3,1
305219,3052,2,2,3,3,2,3,3,3,3,1
305220,3052,2,3,3,3,3,3,3,3,3,1
305221,3052,3,3,3,3,3,3,3,3,3,1
305222,3052,3,3,3,3,3,3,3,3,3,1
305223,3052,2,2,3,3,3,3,3,3,3,1
305224,3052,2,2,2,2,2,2,2,2,2,1
305301,3053,3,3,3,3,3,3,3,3,0,1
305302,3053,3,3,2,3,3,3,3,3,2,1
305303,3053,2,3,3,3,3,3,3,3,2,1
305304,3053,3,3,3,2,3,3,3,3,1,1
305305,3053,3,3,2,3,3,3,3,3,3,1
305306,3053,2,2,3,3,3,3,3,3,3,1
305307,3053,3,2,1,3,3,3,3,3,3,1
305308,3053,3,3,3,2,2,2,3,3,2,1
305310,3053,2,3,3,3,3,3,3,3,3,1
305312,3053,3,2,3,3,3,3,3,3,2,1
305314,3053,2,2,1,3,3,2,2,3,2,1
305315,3053,3,3,3,3,3,3,3,3,3,1
305316,3053,2,3,3,1,3,3,3,3,2,1
305317,3053,3,3,2,3,3,3,3,3,3,1
305318,3053,0,0,0,0,0,0,0,0,0,1
305319,3053,3,3,3,3,3,3,3,3,3,1
305320,3053,2,3,3,3,3,3,3,3,3,1
305322,3053,3,3,3,3,3,3,3,3,3,1
305323,3053,2,3,3,3,3,3,3,3,3,1
305401,3054,3,3,3,3,3,3,3,3,3,1
305402,3054,1,2,1,3,3,2,3,3,3,1
305403,3054,3,3,3,3,3,3,3,3,2,1
305404,3054,2,1,1,3,3,3,3,2,3,1
305405,3054,3,2,3,3,3,3,3,3,2,1
305406,3054,3,3,3,3,3,3,3,3,3,1
305407,3054,3,2,3,3,3,3,3,3,2,1
305408,3054,3,3,3,3,3,3,3,3,3,1
305409,3054,1,1,3,3,3,3,3,3,3,1
305410,3054,3,3,3,3,3,3,3,3,2,1
305411,3054,3,3,3,3,3,3,3,3,3,1
305412,3054,2,2,2,3,3,3,3,3,3,1
305413,3054,2,2,3,3,3,3,3,3,1,1
305414,3054,3,3,3,3,3,3,3,3,3,1
305417,3054,2,2,3,3,3,3,3,3,3,1
305502,3055,3,3,3,3,3,3,3,3,3,1
305503,3055,0,0,0,0,0,0,0,0,0,1
305505,3055,0,0,0,0,0,0,0,0,0,1
305506,3055,0,0,0,0,0,0,0,0,0,1
305507,3055,3,3,3,3,3,3,3,3,3,1
305601,3056,2,2,2,1,1,3,3,3,3,1
305602,3056,3,3,2,3,3,3,3,3,3,1
305603,3056,3,3,2,3,1,3,3,2,3,1
305604,3056,3,3,3,3,3,3,3,3,3,1
305605,3056,3,3,3,3,3,3,3,3,3,1
305606,3056,2,3,2,2,3,3,3,3,3,1
305607,3056,2,2,2,2,3,2,3,3,2,1
305608,3056,3,3,3,3,3,3,3,3,3,1
305614,3056,3,3,3,2,3,3,3,3,3,1
305701,3057,3,3,3,3,3,3,3,3,3,1
305702,3057,3,3,3,3,3,3,3,3,3,1
305703,3057,2,3,3,3,3,3,3,3,3,1
305704,3057,3,3,3,3,3,3,3,3,2,1
305705,3057,2,2,2,2,3,3,3,3,3,1
305706,3057,3,3,3,3,3,3,3,3,3,1
305707,3057,2,3,2,3,3,3,3,3,3,1
305708,3057,3,2,2,2,3,3,3,3,3,1
305709,3057,3,3,3,3,3,3,3,3,1,1
305710,3057,2,3,3,3,3,3,3,3,3,1
305711,3057,3,3,3,3,3,3,3,3,3,1
305712,3057,3,3,2,1,3,2,3,3,2,1
305713,3057,3,3,3,3,3,3,3,3,1,1
305714,3057,3,3,3,3,3,3,3,3,3,1
305715,3057,3,3,3,3,3,3,3,3,3,1
305716,3057,3,3,3,3,3,3,3,3,2,1
305717,3057,3,3,3,3,3,3,3,3,3,1
305718,3057,3,3,3,3,3,3,3,3,3,1
305719,3057,3,3,3,2,3,3,3,2,2,1
305801,3058,3,3,3,3,2,3,3,3,3,1
305802,3058,2,3,3,3,1,3,3,3,3,1
305803,3058,3,3,3,3,2,3,3,3,3,1
305804,3058,3,3,2,2,3,3,3,3,3,1
305807,3058,2,3,3,3,3,3,3,3,3,1
305808,3058,3,3,3,3,3,3,3,3,3,1
305809,3058,3,3,3,3,3,3,3,3,2,1
305810,3058,2,3,2,2,3,3,3,3,2,1
305812,3058,3,3,2,3,3,3,3,3,3,1
305813,3058,3,3,3,3,3,3,3,3,3,1
305814,3058,2,2,3,3,3,3,3,3,2,1
305815,3058,0,0,0,0,0,0,0,0,0,1
305901,3059,3,3,2,2,3,3,3,3,2,1
305902,3059,3,3,3,3,3,3,3,3,2,1
305903,3059,2,3,3,3,3,3,3,3,3,1
305904,3059,3,2,3,2,3,3,2,2,2,1
305905,3059,3,3,3,3,3,3,3,3,3,1
305906,3059,3,3,3,3,3,3,3,3,3,1
305907,3059,3,3,2,3,3,3,3,3,3,1
306001,3060,3,3,3,3,3,3,3,3,3,1
306002,3060,3,3,2,3,3,2,3,3,2,1
306003,3060,2,2,0,2,3,3,3,2,1,1
306004,3060,3,3,3,3,3,3,3,3,3,1
306005,3060,3,3,2,3,3,2,3,3,2,1
306006,3060,3,3,3,3,3,3,3,3,3,1
306008,3060,3,3,3,3,3,3,3,3,3,1
306009,3060,3,3,3,3,3,3,3,3,3,1
306010,3060,2,1,2,3,3,3,3,3,3,1
306012,3060,3,3,3,2,3,3,3,3,2,1
306201,3062,2,3,3,3,3,3,3,2,2,1
306202,3062,3,3,3,3,3,3,3,3,2,1
306203,3062,3,1,2,3,3,3,3,3,3,1
306204,3062,3,3,1,3,3,3,3,3,3,1
306205,3062,1,2,3,3,3,3,3,3,3,1
306206,3062,3,3,2,2,3,3,3,2,2,1
306207,3062,3,2,3,3,3,3,3,3,2,1
306208,3062,3,3,3,3,3,3,3,3,3,1
306209,3062,3,3,3,3,3,3,3,3,3,1
306210,3062,2,2,2,2,2,2,3,2,3,1
306211,3062,2,2,2,3,3,3,3,3,3,1
306212,3062,1,3,3,2,2,3,3,3,3,1
306213,3062,3,3,3,3,3,3,3,3,2,1
306214,3062,2,3,3,3,3,3,3,3,3,1
306215,3062,3,3,3,3,3,3,3,3,3,1
306216,3062,3,3,3,3,3,3,3,3,3,1
306217,3062,2,2,2,2,3,3,3,3,2,1
306218,3062,3,2,1,3,2,3,2,2,1,1
306219,3062,3,3,3,3,3,3,3,3,3,1
306220,3062,3,3,2,3,3,3,3,3,3,1
306221,3062,3,3,3,0,3,3,3,3,3,1
306222,3062,3,3,3,3,3,3,3,3,3,1
306223,3062,2,3,3,3,3,3,3,3,3,1
306224,3062,3,3,2,3,3,3,3,3,2,1
306301,3063,3,3,2,3,3,3,3,3,3,1
306302,3063,3,3,3,3,3,3,3,3,3,1
306303,3063,3,3,3,3,3,3,3,3,2,1
306304,3063,3,3,3,3,3,3,3,3,3,1
306305,3063,3,3,2,3,3,3,3,3,3,1
306307,3063,3,3,3,2,3,3,3,3,2,1
306402,3064,2,2,2,3,3,3,3,3,3,1
306403,3064,3,3,3,3,3,3,3,3,3,1
306404,3064,3,3,3,3,3,3,3,3,3,1
306405,3064,3,3,3,3,3,3,3,3,3,1
306406,3064,3,3,3,3,3,3,3,3,3,1
306407,3064,3,3,3,3,3,3,3,3,3,1
306408,3064,3,3,3,3,3,3,3,3,3,1
306409,3064,2,3,3,2,3,3,3,3,2,1
306410,3064,3,3,3,3,3,3,3,3,3,1
306412,3064,2,2,2,3,3,3,3,3,2,1
306413,3064,0,0,0,0,0,0,0,0,0,1
306414,3064,3,3,3,3,3,3,3,3,3,1
306501,3065,3,3,3,3,2,3,3,3,2,1
306502,3065,3,2,2,3,2,3,3,3,3,1
306503,3065,1,1,1,2,2,2,3,2,3,1
306504,3065,3,3,1,3,3,2,3,3,3,1
306505,3065,3,3,3,3,3,3,3,3,3,1
306506,3065,2,1,3,2,2,2,3,3,2,1
306507,3065,3,3,3,3,3,3,3,3,3,1
306508,3065,3,2,1,3,1,1,3,2,2,1
306509,3065,2,2,2,3,3,3,3,3,3,1
306510,3065,2,3,3,3,3,3,3,3,3,1
306511,3065,3,3,3,3,3,3,3,3,3,1
306513,3065,3,2,2,3,3,3,3,3,3,1
306514,3065,3,3,3,3,3,3,3,3,3,1
306515,3065,3,3,3,3,3,3,3,3,3,1
306516,3065,2,3,2,3,3,3,3,3,3,1
306517,3065,3,3,3,3,3,3,3,3,3,1
306519,3065,3,3,3,3,3,3,3,3,3,1
306520,3065,3,3,3,3,3,3,3,3,1,1
306601,3066,3,3,2,2,3,3,3,3,3,1
306602,3066,3,3,3,3,3,3,3,3,3,1
306605,3066,3,3,3,3,3,3,3,3,3,1
306606,3066,3,3,3,3,3,3,3,3,3,1
306701,3067,3,3,3,3,3,3,3,3,3,1
306702,3067,2,2,2,2,2,2,2,2,2,1
306703,3067,2,2,3,3,3,3,3,3,3,1
306704,3067,2,2,1,2,3,3,3,3,3,1
306705,3067,3,3,3,3,3,3,3,3,3,1
306706,3067,0,0,0,0,0,0,0,0,0,1
306709,3067,3,3,3,3,3,3,3,3,2,1
306711,3067,3,3,3,3,3,3,3,3,3,1
306713,3067,3,3,3,3,3,3,3,3,3,1
306714,3067,3,3,3,3,3,3,3,3,3,1
306715,3067,3,3,2,3,3,3,3,3,3,1
306717,3067,3,3,3,3,3,3,3,3,3,1
306718,3067,3,2,3,3,3,3,3,3,3,1
306719,3067,3,3,3,3,3,3,3,3,3,1
306720,3067,3,3,3,3,3,3,3,3,3,1
306721,3067,3,2,3,3,3,3,3,3,3,1
306722,3067,3,3,3,3,3,3,3,3,3,1
306723,3067,3,3,3,3,3,3,3,3,3,1
306801,3068,3,1,2,3,3,3,3,3,2,1
306802,3068,3,3,3,3,3,3,3,3,3,1
306805,3068,3,3,3,3,3,3,3,3,2,1
306808,3068,3,3,3,3,3,3,3,3,3,1
306810,3068,3,3,1,3,3,3,3,3,3,1
306813,3068,3,3,3,3,3,3,3,3,3,1
306814,3068,3,3,3,2,3,3,3,3,3,1
306817,3068,3,3,2,3,3,3,3,3,3,1
306818,3068,3,3,3,3,3,3,3,3,3,1
306901,3069,0,0,0,0,0,0,0,0,0,1
306902,3069,2,3,3,3,3,3,3,3,3,1
306903,3069,3,2,3,2,3,3,3,3,2,1
306904,3069,2,2,2,2,2,2,2,2,2,1
306905,3069,3,3,2,3,3,3,3,3,3,1
306906,3069,0,0,0,0,0,0,0,0,0,1
306907,3069,3,3,3,3,2,3,3,3,3,1
306908,3069,0,0,0,0,0,0,0,0,0,1
306909,3069,3,3,3,3,3,3,3,3,3,1
306910,3069,3,3,3,3,3,3,3,3,3,1
306911,3069,2,2,2,2,2,2,2,2,3,1
306913,3069,3,3,1,2,3,3,3,3,3,1
307001,3070,2,2,1,3,2,3,3,2,3,1
307002,3070,2,3,2,3,3,3,3,3,3,1
307003,3070,3,2,3,3,3,3,3,3,3,1
307004,3070,3,2,2,3,3,3,3,3,1,1
307005,3070,3,3,3,3,3,3,3,3,3,1
307006,3070,2,2,2,2,2,2,2,2,2,1
307007,3070,3,3,3,3,3,3,3,3,3,1
307008,3070,2,2,1,3,1,2,3,2,2,1
307009,3070,3,3,3,3,3,3,3,3,3,1
307010,3070,3,3,3,2,3,3,3,3,3,1
307011,3070,3,3,3,3,3,3,3,3,3,1
307012,3070,3,2,1,3,3,3,3,3,2,1
307013,3070,3,3,3,3,3,3,3,3,3,1
307014,3070,3,3,3,3,3,3,3,3,3,1
307015,3070,3,3,2,3,3,3,3,3,3,1
307101,3071,2,2,1,2,2,1,3,3,3,1
307102,3071,3,3,3,3,3,3,3,3,1,1
307103,3071,3,3,3,3,3,3,3,3,3,1
307104,3071,3,3,2,2,3,3,3,3,3,1
307105,3071,2,3,2,3,3,3,3,3,2,1
307106,3071,2,3,3,3,2,3,3,3,2,1
307201,3072,3,3,3,3,3,3,3,3,3,1
307202,3072,3,3,3,3,3,3,3,3,3,1
307203,3072,3,3,3,1,3,3,3,3,3,1
307204,3072,3,2,3,3,3,3,3,3,3,1
307205,3072,3,3,3,3,3,3,3,3,2,1
307206,3072,3,3,2,0,3,3,3,3,1,1
307207,3072,3,3,3,3,3,3,3,3,2,1
307208,3072,3,3,3,3,3,3,3,3,3,1
307209,3072,3,3,3,3,3,3,3,3,3,1
307210,3072,3,3,3,3,3,3,3,3,3,1
307301,3073,3,3,3,3,3,3,3,3,3,1
307302,3073,3,3,3,3,3,3,3,3,3,1
307303,3073,3,3,2,3,3,3,3,3,2,1
307304,3073,3,3,3,3,3,3,3,3,3,1
307305,3073,3,3,3,3,2,3,3,3,2,1
307306,3073,3,3,3,3,3,3,3,3,3,1
307307,3073,3,3,3,3,3,3,3,3,3,1
307308,3073,3,3,3,3,3,3,3,3,3,1
307309,3073,3,3,3,3,3,3,3,3,3,1
307310,3073,3,3,3,3,3,3,3,3,2,1
307311,3073,1,3,2,3,3,3,3,3,2,1
307312,3073,3,2,2,3,3,3,3,3,3,1
307313,3073,3,3,3,3,3,3,3,3,3,1
307314,3073,3,3,1,2,3,3,3,3,2,1
307315,3073,1,3,2,3,3,3,3,2,3,1
307316,3073,2,2,2,1,2,3,3,3,2,1
307317,3073,3,3,3,3,3,3,3,3,3,1
307401,3074,3,3,3,3,3,3,3,3,3,1
307405,3074,3,3,3,3,3,3,3,3,3,1
307406,3074,1,1,1,2,2,2,2,3,3,1
307409,3074,3,3,2,3,3,3,3,3,1,1
307410,3074,3,3,3,3,3,3,3,3,3,1
307411,3074,3,2,3,3,3,3,3,3,3,1
307412,3074,2,3,1,3,3,3,3,3,3,1
307414,3074,0,0,0,0,0,0,0,0,0,1
307415,3074,3,3,3,3,3,3,3,3,3,1
307416,3074,3,3,3,3,3,3,3,3,3,1
307420,3074,0,0,0,0,0,0,0,0,0,1
307501,3075,3,3,3,3,3,3,3,3,3,1
307502,3075,3,2,3,3,3,3,3,3,3,1
307503,3075,2,2,2,2,2,2,2,2,2,1
307504,3075,3,3,3,3,3,3,3,3,3,1
307505,3075,3,3,3,3,3,3,3,3,3,1
307506,3075,3,2,3,3,3,3,3,3,1,1
307507,3075,2,3,3,3,3,3,3,3,2,1
307508,3075,3,3,2,3,3,3,3,3,3,1
307601,3076,2,2,2,3,2,2,3,3,3,1
307602,3076,3,3,3,3,3,3,3,3,3,1
307603,3076,2,3,1,3,3,3,3,3,3,1
307604,3076,3,3,3,3,3,3,3,3,3,1
307605,3076,3,3,3,3,3,3,3,3,3,1
307606,3076,3,3,3,3,3,3,3,3,3,1
307607,3076,2,3,3,3,2,3,3,2,2,1
307608,3076,3,3,3,3,3,3,3,3,2,1
307701,3077,3,3,2,2,3,3,3,3,2,1
307702,3077,2,2,2,2,3,2,3,3,3,1
307703,3077,3,3,3,1,3,3,3,3,2,1
307704,3077,0,0,0,0,0,0,0,0,0,1
307705,3077,3,2,2,3,3,3,3,3,3,1
307706,3077,3,3,2,3,3,3,3,3,2,1
307801,3078,3,3,3,2,2,3,2,2,3,1
307802,3078,2,2,2,3,2,2,2,2,1,1
307803,3078,0,0,0,0,0,0,0,0,0,1
307805,3078,2,3,2,2,3,3,3,3,2,1
307806,3078,3,3,3,3,3,3,3,3,3,1
307807,3078,3,3,3,3,3,3,3,3,3,1
307808,3078,3,3,3,3,3,3,3,3,3,1
307809,3078,3,2,3,3,2,3,3,3,3,1
307811,3078,2,3,3,3,3,3,3,3,2,1
307812,3078,3,3,3,3,3,3,3,3,3,1
307901,3079,3,3,3,3,3,3,3,3,3,1
307902,3079,2,2,3,3,3,3,3,3,3,1
307903,3079,3,2,3,2,2,3,3,3,2,1
307904,3079,3,3,3,3,3,3,3,3,3,1
307905,3079,3,2,2,2,3,3,3,3,2,1
307906,3079,3,3,3,3,2,3,3,3,3,1
307907,3079,3,3,3,3,2,3,3,3,2,1
307908,3079,3,3,3,1,2,3,3,2,1,1
307909,3079,3,3,3,3,3,3,3,3,3,1
307910,3079,3,3,3,3,3,3,3,3,3,1
307911,3079,3,3,3,3,3,3,3,3,3,1
308101,3081,3,2,2,3,3,3,3,3,3,1
308103,3081,3,3,3,3,3,3,3,3,2,1
308104,3081,3,3,3,2,3,3,3,3,2,1
308106,3081,2,3,3,3,3,3,3,3,3,1
308108,3081,2,3,3,3,3,3,3,3,3,1
308110,3081,3,3,3,3,3,3,3,3,3,1
308111,3081,3,3,3,3,3,3,3,3,3,1
308112,3081,3,3,3,3,3,3,3,3,3,1
308113,3081,3,3,2,3,3,3,3,3,3,1
308115,3081,3,3,3,3,3,3,3,3,3,1
308116,3081,3,3,3,3,3,3,3,3,3,1
308118,3081,3,3,3,3,3,3,3,3,3,1
308119,3081,3,3,3,3,3,3,3,3,3,1
308120,3081,3,3,3,3,3,3,3,3,3,1
308122,3081,3,3,3,3,3,3,3,3,3,1
308123,3081,2,3,3,3,3,3,3,3,3,1
308124,3081,2,3,2,3,3,3,3,3,3,1
308125,3081,3,3,3,3,3,3,3,3,3,1
308127,3081,3,3,3,3,3,3,3,3,3,1
308201,3082,2,1,1,3,2,2,3,3,3,1
308202,3082,2,2,3,3,2,2,3,2,2,1
308203,3082,3,3,3,3,3,3,3,3,3,1
308204,3082,3,2,1,3,3,3,3,3,2,1
308205,3082,3,3,3,3,3,3,3,3,3,1
308206,3082,3,3,3,3,3,3,3,3,3,1
308207,3082,2,2,3,3,3,3,3,3,3,1
308208,3082,0,0,0,0,0,0,0,0,0,1
308209,3082,0,0,0,0,0,0,0,0,0,1
308210,3082,2,2,2,3,3,3,3,3,3,1
308211,3082,3,3,3,3,3,3,3,3,3,1
308212,3082,2,2,3,3,3,3,3,3,3,1
308213,3082,2,3,3,3,3,3,3,3,3,1
308214,3082,3,3,3,3,3,3,3,3,3,1
308215,3082,0,0,0,0,0,0,0,0,0,1
308301,3083,3,2,2,3,3,3,3,3,3,1
308302,3083,2,1,1,2,3,1,2,2,2,1
308303,3083,3,3,3,3,3,3,3,3,3,1
308304,3083,2,3,2,3,3,2,3,3,3,1
308305,3083,0,0,0,0,0,0,0,0,0,1
308306,3083,2,2,3,3,3,3,2,2,2,1
308307,3083,3,3,3,3,3,3,3,3,1,1
308308,3083,3,3,3,3,3,3,3,3,3,1
308309,3083,3,3,3,3,3,3,3,3,2,1
308310,3083,3,3,0,3,3,3,3,3,2,1
308311,3083,3,1,3,3,3,3,3,3,3,1
308312,3083,3,3,3,3,3,3,3,3,2,1
308313,3083,3,3,3,3,3,3,3,3,3,1
308314,3083,3,3,3,3,3,3,3,3,1,1
308315,3083,3,3,3,3,3,3,3,3,2,1
308316,3083,1,1,1,1,1,1,1,1,1,1
308401,3084,3,2,2,3,2,2,3,3,3,1
308402,3084,2,3,3,3,3,3,3,3,3,1
308403,3084,3,3,1,3,2,2,3,3,2,1
308404,3084,2,2,3,3,3,3,3,3,3,1
308405,3084,3,2,2,3,3,3,3,3,3,1
308406,3084,3,3,3,3,3,3,3,3,3,1
308407,3084,2,3,3,3,2,3,3,3,3,1
308408,3084,2,2,2,2,3,3,3,3,2,1
308409,3084,3,3,2,2,2,3,3,3,3,1
308410,3084,2,2,2,3,3,3,3,3,3,1
308411,3084,2,3,3,3,2,3,3,3,3,1
308412,3084,3,3,3,3,3,3,3,3,3,1
308413,3084,2,3,3,3,3,3,3,3,3,1
308414,3084,2,2,2,3,2,2,3,3,2,1
308415,3084,3,0,3,0,3,0,3,0,3,1
308416,3084,3,2,2,3,3,3,3,3,2,1
308417,3084,2,3,3,3,3,3,3,3,3,1
308418,3084,3,3,3,3,3,3,3,3,3,1
308419,3084,3,3,3,3,3,3,3,3,3,1
308501,3085,3,2,3,3,3,3,3,3,3,1
308503,3085,2,2,2,2,2,2,2,2,2,1
308506,3085,3,3,3,3,3,3,3,3,3,1
308507,3085,2,2,3,3,3,2,3,3,3,1
308508,3085,3,2,3,2,1,2,3,2,2,1
308510,3085,3,3,3,3,3,3,3,3,2,1
308511,3085,3,2,2,3,3,3,3,3,3,1
308512,3085,2,2,2,2,3,2,3,3,2,1
308514,3085,3,3,3,3,3,3,3,3,2,1
308515,3085,0,0,0,0,0,0,0,0,0,1
308516,3085,3,3,3,3,3,3,3,3,3,1
308517,3085,3,3,2,2,3,3,3,3,2,1
308519,3085,3,2,2,3,2,2,3,3,2,1
308520,3085,3,3,2,2,3,3,3,3,3,1
308521,3085,3,3,3,3,3,3,3,3,3,1
308522,3085,3,3,3,3,2,3,3,3,3,1
308523,3085,3,3,3,3,3,3,3,3,3,1
308601,3086,2,1,3,2,3,3,2,2,2,1
308602,3086,3,3,3,3,3,3,3,3,3,1
308603,3086,3,3,3,3,3,3,3,2,2,1
308604,3086,3,3,3,3,3,3,3,3,3,1
308605,3086,3,3,3,3,3,3,3,3,3,1
308606,3086,3,3,2,3,2,3,3,3,3,1
308608,3086,3,3,3,3,3,3,3,3,3,1
308609,3086,3,2,2,3,3,3,3,3,3,1
308610,3086,2,2,2,3,3,2,3,3,2,1
308611,3086,2,3,3,3,3,3,3,3,2,1
308612,3086,3,3,3,3,3,3,3,3,3,1
308613,3086,2,2,2,2,2,2,2,2,2,1
308614,3086,3,3,3,3,3,3,3,3,3,1
308616,3086,3,3,3,3,3,3,3,3,3,1
308617,3086,2,2,2,3,3,3,2,3,1,1
308618,3086,3,2,3,3,3,3,3,3,2,1
308619,3086,3,3,3,3,3,3,3,2,2,1
308620,3086,3,2,3,3,3,3,3,3,3,1
308621,3086,2,2,2,2,2,2,2,3,2,1
308622,3086,3,2,1,1,1,3,3,3,1,1
308623,3086,3,2,2,2,3,3,3,3,3,1
308701,3087,3,3,3,3,3,3,3,3,3,1
308702,3087,2,3,2,3,3,3,3,3,2,1
308703,3087,3,3,3,3,3,3,3,3,3,1
308705,3087,3,2,1,3,3,3,3,3,3,1
308706,3087,3,2,3,3,3,3,3,3,3,1
308707,3087,3,3,2,3,3,3,3,3,3,1
308708,3087,1,1,1,1,1,1,1,1,1,1
308709,3087,2,1,3,3,3,3,3,3,3,1
308710,3087,3,2,1,3,3,1,3,3,2,1
308711,3087,3,1,2,3,3,3,3,3,3,1
308712,3087,3,3,2,3,3,3,3,3,3,1
308713,3087,3,3,3,3,3,3,3,3,3,1
308714,3087,3,3,3,3,3,3,3,3,3,1
308716,3087,3,3,3,3,3,3,3,3,3,1
308717,3087,3,3,3,3,3,3,3,3,3,1
308718,3087,3,1,2,3,2,3,2,3,2,1
308719,3087,3,2,3,3,3,3,3,3,3,1
308721,3087,3,2,3,3,3,3,3,3,2,1
308801,3088,3,2,3,3,3,3,3,3,3,1
308802,3088,3,2,2,3,3,3,3,3,3,1
308803,3088,3,3,3,3,3,3,3,3,3,1
308805,3088,3,1,2,3,3,3,3,3,3,1
308806,3088,3,1,2,3,3,3,3,3,3,1
308807,3088,2,2,2,3,3,2,3,3,3,1
308808,3088,2,1,1,3,3,2,3,3,3,1
308809,3088,3,1,2,3,3,3,3,3,3,1
308810,3088,2,2,2,3,2,3,3,3,3,1
308811,3088,3,3,3,3,3,3,3,3,3,1
308812,3088,3,3,3,3,3,3,3,3,3,1
308813,3088,3,1,2,3,3,3,3,3,3,1
308815,3088,3,1,2,3,3,3,3,3,3,1
308817,3088,3,1,2,3,3,3,3,3,3,1
308818,3088,3,2,1,3,3,3,3,3,3,1
308819,3088,3,3,3,3,3,3,3,3,3,1
308821,3088,3,2,2,3,3,3,3,3,3,1
308822,3088,3,2,3,3,3,3,3,3,3,1
308823,3088,3,2,2,3,3,2,3,3,3,1
308901,3089,2,2,2,1,3,2,3,3,3,1
308902,3089,3,3,3,3,3,3,3,3,3,1
308903,3089,2,3,3,1,2,2,3,3,3,1
308904,3089,3,2,2,3,3,3,3,3,3,1
308905,3089,3,3,3,3,3,3,3,3,3,1
308906,3089,3,3,2,3,3,3,3,3,3,1
308907,3089,3,2,2,3,3,3,3,3,3,1
308908,3089,3,3,3,3,3,3,3,3,3,1
308909,3089,3,3,3,3,3,3,3,3,3,1
308910,3089,3,3,3,3,3,3,3,3,3,1
309001,3090,3,3,3,3,3,3,3,3,2,1
309002,3090,3,3,3,3,2,2,2,3,3,1
309003,3090,3,2,3,3,3,3,3,3,2,1
309004,3090,3,3,3,3,3,3,3,3,3,1
309005,3090,3,3,3,3,3,3,3,3,2,1
309006,3090,3,3,3,3,3,3,3,3,3,1
309008,3090,3,3,2,3,2,2,3,3,2,1
309009,3090,3,3,3,3,3,3,3,3,3,1
309010,3090,2,2,2,3,2,3,3,3,3,1
309012,3090,2,2,1,2,2,2,3,3,2,1
309014,3090,2,3,2,2,3,3,3,3,3,1
309018,3090,3,3,3,3,3,3,3,3,3,1
309020,3090,3,3,2,3,1,2,3,3,2,1
309101,3091,2,2,1,3,2,2,3,3,2,1
309104,3091,2,2,3,3,2,2,2,3,3,1
309105,3091,3,3,3,3,3,3,3,3,2,1
309106,3091,2,2,1,2,2,2,3,3,3,1
309107,3091,2,2,3,1,2,3,3,3,2,1
309201,3092,3,3,3,3,3,3,3,3,2,1
309202,3092,2,2,2,3,3,3,3,3,3,1
309203,3092,2,2,1,3,3,3,3,3,3,1
309204,3092,3,3,2,3,2,3,3,2,2,1
309205,3092,3,3,3,3,3,3,3,3,1,1
309207,3092,3,3,3,3,3,3,3,3,3,1
309208,3092,3,3,3,3,3,3,3,3,2,1
309209,3092,3,3,3,3,3,3,3,3,3,1
309210,3092,3,3,3,3,3,3,3,3,3,1
309211,3092,3,3,3,3,3,3,3,3,3,1
309213,3092,3,3,2,3,2,3,3,3,2,1
309214,3092,2,2,2,2,2,3,3,3,3,1
309215,3092,3,2,1,2,3,2,3,2,1,1
309301,3093,3,3,3,3,3,3,3,3,3,1
309302,3093,2,2,3,2,2,2,3,3,2,1
309303,3093,2,3,3,3,3,3,3,3,1,1
309304,3093,2,3,3,3,3,3,3,3,2,1
309305,3093,3,3,3,3,3,3,3,3,3,1
309306,3093,2,2,2,3,2,3,3,3,3,1
309307,3093,3,2,2,2,3,3,3,3,3,1
309308,3093,2,3,3,3,2,2,3,3,2,1
309309,3093,3,2,2,3,3,3,3,3,1,1
309310,3093,3,3,3,3,3,3,3,3,2,1
309311,3093,3,3,3,3,3,3,3,3,3,1
309312,3093,3,3,3,3,3,3,3,3,2,1
309313,3093,2,3,3,3,3,3,3,3,2,1
309314,3093,2,2,2,2,2,2,3,3,2,1
309315,3093,3,2,2,3,3,3,3,3,3,1
309316,3093,2,2,3,3,3,3,3,3,2,1
309318,3093,2,2,2,3,2,2,2,3,3,1
309319,3093,3,3,2,3,3,3,3,3,3,1
309320,3093,2,2,3,3,3,3,3,3,3,1
309401,3094,2,2,1,3,3,3,3,3,1,1
309402,3094,2,2,3,3,2,3,3,3,3,1
309403,3094,2,3,3,3,2,3,3,3,3,1
309404,3094,3,3,3,2,2,3,3,3,2,1
309405,3094,3,3,3,3,3,3,3,3,3,1
309406,3094,3,2,3,2,2,3,3,2,2,1
309407,3094,3,3,3,3,3,3,3,3,3,1
309408,3094,3,3,3,3,3,3,3,3,3,1
309409,3094,2,1,2,3,1,2,3,3,2,1
309410,3094,1,1,2,2,2,2,3,3,2,1
309411,3094,3,3,3,3,3,3,3,3,3,1
309412,3094,2,3,3,3,3,3,3,3,3,1
309413,3094,3,3,3,3,3,3,3,3,3,1
309414,3094,2,2,3,3,3,2,3,3,2,1
309415,3094,3,3,3,3,3,3,3,3,2,1
309416,3094,3,3,3,3,3,3,3,3,2,1
309417,3094,2,3,2,3,3,3,3,2,2,1
309418,3094,3,3,0,2,2,3,2,2,2,1
309419,3094,3,3,3,3,3,3,3,3,3,1
309420,3094,3,3,3,3,2,3,3,3,3,1
309502,3095,3,3,2,3,2,3,3,3,3,1
309503,3095,3,3,2,3,3,3,3,3,2,1
309504,3095,3,3,3,3,3,3,3,3,2,1
309505,3095,3,3,3,3,3,3,3,3,3,1
309506,3095,3,3,3,3,3,3,3,3,2,1
309507,3095,3,3,3,3,3,3,3,3,3,1
309508,3095,3,3,3,3,2,3,3,2,3,1
309509,3095,3,2,3,3,2,3,3,3,3,1
309510,3095,3,3,1,3,2,2,3,3,2,1
309511,3095,2,2,3,3,3,3,3,3,3,1
309512,3095,3,3,3,3,3,3,3,3,2,1
309513,3095,0,0,0,0,0,0,0,0,0,1
309514,3095,3,3,3,3,3,3,3,3,3,1
309515,3095,3,3,2,3,3,3,3,3,3,1
309516,3095,0,0,0,0,0,0,0,0,0,1
309517,3095,3,3,3,3,3,3,3,3,3,1
309518,3095,2,2,3,3,3,3,3,3,3,1
309519,3095,3,3,3,3,3,3,3,3,3,1
309520,3095,3,3,2,3,3,3,3,3,3,1
309521,3095,3,3,2,3,3,2,3,3,3,1
309522,3095,3,3,3,3,3,3,3,3,3,1
309523,3095,2,2,2,3,3,2,3,3,1,1
309524,3095,3,3,3,3,3,3,3,3,3,1
309525,3095,3,3,3,3,3,3,3,3,3,1
309526,3095,3,3,3,3,3,3,3,3,3,1
309527,3095,2,2,3,3,3,3,3,3,2,1
309528,3095,3,3,3,3,3,3,3,3,2,1
309601,3096,3,2,2,3,3,3,3,2,3,1
309602,3096,3,3,2,3,3,3,3,3,2,1
309603,3096,2,2,1,3,3,2,3,3,3,1
309605,3096,3,3,3,3,2,3,3,3,1,1
309606,3096,3,3,3,3,3,3,3,3,3,1
309607,3096,3,2,2,3,3,3,3,3,3,1
309608,3096,3,2,3,3,3,3,3,3,3,1
309609,3096,3,3,3,3,3,3,3,3,3,1
309610,3096,1,2,3,3,3,3,3,3,3,1
309611,3096,1,1,2,3,3,2,3,3,3,1
309612,3096,3,2,2,3,2,3,2,3,3,1
309614,3096,3,3,3,3,3,3,3,3,3,1
309617,3096,3,3,3,3,3,3,3,3,3,1
309618,3096,3,2,2,3,3,3,3,3,3,1
309619,3096,3,3,3,3,3,3,3,3,3,1
309620,3096,3,2,2,3,3,3,3,3,3,1
309701,3097,3,3,3,3,3,3,3,3,3,1
309703,3097,3,3,2,2,3,3,2,3,1,1
309704,3097,3,3,3,2,3,3,3,2,2,1
309705,3097,3,3,3,3,3,3,3,3,3,1
309706,3097,3,3,3,3,3,3,3,2,2,1
309707,3097,3,3,3,3,3,3,3,3,1,1
309708,3097,2,2,2,2,2,3,2,2,3,1
309709,3097,3,3,3,2,3,3,3,2,1,1
309710,3097,2,3,3,2,3,3,3,3,2,1
309711,3097,3,2,3,3,3,3,3,2,2,1
309802,3098,3,3,3,3,3,3,3,2,2,1
309803,3098,3,3,2,3,3,3,3,3,3,1
309804,3098,3,3,3,3,3,3,3,3,3,1
309805,3098,3,3,2,3,3,2,3,3,2,1
309806,3098,0,0,0,0,0,0,0,0,0,1
309808,3098,3,2,2,2,3,2,2,1,1,1
309811,3098,3,3,3,3,3,3,3,3,3,1
309812,3098,0,0,0,0,0,0,0,0,0,1
309813,3098,3,3,3,3,3,3,3,3,2,1
309816,3098,2,2,1,3,3,3,3,3,1,1
309901,3099,2,2,2,3,3,3,3,3,3,1
309902,3099,3,3,3,3,3,3,3,3,2,1
309903,3099,3,3,2,3,3,3,3,3,3,1
309904,3099,3,3,3,3,3,3,3,3,2,1
309905,3099,3,3,3,3,3,3,3,3,3,1
309906,3099,2,2,2,3,3,3,3,3,3,1
309907,3099,3,3,3,3,3,3,3,3,2,1
309908,3099,3,2,2,3,3,2,3,3,3,1
309909,3099,3,3,3,3,3,3,3,3,3,1
309910,3099,3,3,3,3,2,3,3,3,3,1
309911,3099,3,3,3,3,3,3,3,3,3,1
309912,3099,3,1,2,3,3,3,3,3,3,1
309913,3099,1,2,1,3,2,3,3,3,3,1
309915,3099,2,3,3,3,3,3,3,3,3,1
310001,3100,3,2,3,3,3,3,3,3,3,1
310002,3100,3,3,3,3,3,3,3,3,3,1
310003,3100,3,3,3,3,3,3,3,3,3,1
310004,3100,3,2,3,2,2,2,2,2,2,1
310005,3100,3,3,2,3,3,3,3,3,3,1
310006,3100,0,3,3,3,3,2,3,3,2,1
310007,3100,3,3,3,2,3,3,3,3,2,1
310010,3100,3,3,3,3,3,3,3,3,3,1
310011,3100,3,3,3,3,3,3,3,3,3,1
310012,3100,3,3,3,3,3,3,3,1,1,1
310013,3100,3,0,0,0,3,0,0,3,0,1
310014,3100,1,3,2,3,3,3,3,3,2,1
310016,3100,3,3,3,3,3,3,3,3,3,1
310017,3100,3,3,3,3,3,3,3,3,3,1
310018,3100,2,3,1,2,3,3,3,3,2,1
310019,3100,0,0,0,0,0,0,0,0,0,1
310201,3102,3,3,3,2,3,3,3,3,3,1
310202,3102,3,2,3,3,3,3,3,3,2,1
310204,3102,3,3,2,3,3,2,3,3,3,1
310205,3102,3,3,3,3,3,3,3,3,3,1
310206,3102,3,3,3,3,3,3,3,3,3,1
310208,3102,1,1,2,3,3,3,3,3,3,1
310210,3102,3,3,3,3,3,3,3,3,3,1
310212,3102,3,2,3,2,3,3,3,3,2,1
310213,3102,3,3,3,3,3,3,3,3,3,1
310214,3102,3,3,2,3,2,2,3,3,3,1
310216,3102,3,2,2,2,3,1,3,1,1,1
310217,3102,3,3,3,3,3,3,3,2,3,1
310218,3102,3,3,3,3,3,3,3,3,3,1
310219,3102,3,3,3,3,3,3,3,3,3,1
310220,3102,3,3,3,3,3,3,3,3,3,1
310301,3103,3,2,1,1,3,1,2,3,2,1
310302,3103,2,3,3,3,3,3,3,3,3,1
310303,3103,3,3,3,3,3,3,3,3,3,1
310304,3103,3,3,2,3,3,3,3,2,3,1
310305,3103,3,3,3,3,3,3,3,3,3,1
310306,3103,3,3,3,3,3,3,3,3,3,1
310307,3103,3,1,3,3,3,3,3,3,3,1
310308,3103,3,2,3,3,3,3,3,3,1,1
310309,3103,3,3,3,3,3,3,3,3,3,1
310310,3103,3,3,3,3,3,3,3,3,3,1
310311,3103,2,3,3,3,3,3,3,3,2,1
310312,3103,3,3,3,3,3,3,3,3,3,1
310313,3103,3,3,3,3,3,3,3,3,3,1
310314,3103,3,2,2,3,3,2,3,3,3,1
310315,3103,2,2,3,3,3,3,3,3,2,1
310316,3103,2,1,1,2,2,2,3,3,2,1
310317,3103,2,2,2,2,3,3,3,3,3,1
310318,3103,2,2,2,3,3,2,3,3,3,1
310319,3103,3,3,3,3,3,3,3,3,3,1
310320,3103,2,2,2,3,3,3,3,3,3,1
310321,3103,3,3,3,3,3,3,2,2,3,1
310322,3103,3,2,3,3,3,3,3,3,2,1
310401,3104,3,3,3,3,3,3,3,3,3,1
310402,3104,2,2,3,3,3,3,3,3,3,1
310403,3104,3,2,3,3,3,3,3,3,3,1
310404,3104,3,3,3,3,3,3,3,3,3,1
310405,3104,3,2,2,3,3,3,3,3,3,1
310407,3104,2,2,1,3,3,3,3,3,3,1
310408,3104,3,2,3,3,3,3,3,3,3,1
310409,3104,3,3,2,3,3,3,3,3,3,1
310410,3104,3,3,3,3,3,3,3,3,3,1
310411,3104,2,2,1,3,3,3,3,3,1,1
310412,3104,3,1,1,2,3,3,3,3,2,1
310413,3104,3,3,3,3,3,3,3,3,3,1
310414,3104,3,3,2,3,3,3,3,3,2,1
310415,3104,3,2,3,3,3,3,3,3,3,1
310416,3104,3,2,2,3,3,3,3,3,3,1
310417,3104,2,2,2,3,3,3,3,3,3,1
310501,3105,3,2,3,3,2,3,3,3,3,1
310502,3105,2,3,3,2,2,3,3,3,2,1
310503,3105,3,3,2,3,2,3,3,3,3,1
310504,3105,3,3,3,3,3,3,3,3,3,1
310505,3105,3,2,2,3,3,3,3,3,2,1
310507,3105,3,3,3,3,3,3,3,3,3,1
310508,3105,3,2,2,3,3,3,3,3,3,1
310510,3105,3,2,2,3,3,3,3,3,3,1
310511,3105,2,2,1,3,2,1,2,2,3,1
310512,3105,2,3,3,3,3,3,3,3,3,1
310513,3105,3,1,3,3,3,3,3,3,3,1
310515,3105,3,2,2,3,3,3,3,3,3,1
310516,3105,3,3,3,3,3,3,3,3,3,1
310517,3105,3,3,3,3,2,3,3,3,3,1
310518,3105,2,3,2,3,3,2,3,3,3,1
310519,3105,2,2,1,3,3,3,3,3,3,1
310520,3105,3,2,2,3,3,3,3,3,3,1
310601,3106,2,2,1,3,2,2,3,3,2,1
310602,3106,3,3,2,2,2,3,3,3,3,1
310604,3106,2,3,3,3,3,3,3,3,3,1
310605,3106,3,3,2,2,3,2,3,3,2,1
310606,3106,3,3,3,3,3,3,3,3,3,1
310607,3106,2,3,2,3,2,2,3,3,3,1
310701,3107,3,3,3,3,3,3,3,3,3,1
310702,3107,3,3,3,3,3,3,3,3,3,1
310703,3107,3,3,3,3,3,3,3,3,3,1
310705,3107,3,3,3,0,2,3,3,3,3,1
310707,3107,2,3,2,3,3,3,3,3,3,1
310708,3107,1,3,3,1,3,3,3,3,1,1
310709,3107,0,0,0,0,0,0,0,0,0,1
310710,3107,3,3,3,3,3,3,3,3,2,1
310802,3108,3,3,3,3,3,3,3,3,3,1
310803,3108,3,3,2,2,3,3,3,3,2,1
310804,3108,2,1,1,3,3,3,3,3,3,1
310805,3108,3,3,3,2,3,3,3,2,2,1
310806,3108,2,3,2,3,3,3,3,3,2,1
310807,3108,3,2,3,1,1,3,3,3,1,1
310808,3108,2,2,2,3,3,2,3,3,2,1
310809,3108,2,2,1,3,3,3,3,3,2,1
310901,3109,0,0,0,0,0,0,0,0,0,1
310903,3109,3,3,2,3,2,3,3,3,2,1
310904,3109,3,3,3,3,3,3,3,3,3,1
310905,3109,2,3,3,3,2,3,3,3,3,1
310907,3109,3,3,3,3,3,3,3,3,3,1
310908,3109,3,3,3,3,3,3,3,3,3,1
310909,3109,3,2,2,3,2,3,3,3,3,1
310911,3109,3,3,3,3,3,3,3,3,2,1
310913,3109,3,3,3,3,3,3,3,3,3,1
310915,3109,3,3,2,2,3,3,3,3,2,1
310916,3109,3,3,3,3,3,3,3,3,3,1
310917,3109,3,3,3,3,3,3,3,3,3,1
311002,3110,3,2,3,3,2,3,3,3,3,1
311003,3110,0,0,0,0,0,0,0,0,0,1
311004,3110,3,3,3,3,3,3,3,3,2,1
311005,3110,3,3,3,3,3,3,3,3,3,1
311006,3110,3,3,3,3,3,3,3,3,2,1
311009,3110,3,3,3,3,3,3,3,3,3,1
311010,3110,2,2,2,2,3,2,2,3,1,1
311012,3110,3,3,3,3,3,3,3,3,3,1
311013,3110,3,3,3,3,3,3,3,3,3,1
311014,3110,3,3,3,3,3,3,3,3,2,1
311015,3110,3,3,3,3,3,1,3,3,2,1
311016,3110,0,0,0,0,0,0,0,0,0,1
311017,3110,2,2,3,3,3,3,3,3,3,1
311018,3110,3,3,3,3,3,3,3,3,3,1
311019,3110,3,3,3,3,3,3,3,3,3,1
311020,3110,3,2,3,3,2,3,3,2,2,1
311101,3111,2,2,2,3,3,3,3,3,2,1
311103,3111,2,2,2,1,3,3,2,3,3,1
311104,3111,3,2,2,3,3,3,3,3,3,1
311105,3111,0,0,0,0,0,0,0,0,0,1
311106,3111,2,3,2,3,3,2,2,3,3,1
311107,3111,3,2,3,3,3,3,3,2,2,1
311109,3111,3,2,1,3,3,3,3,3,3,1
311110,3111,3,3,3,3,3,3,3,3,3,1
311111,3111,3,3,2,3,3,3,3,3,3,1
311112,3111,3,3,2,3,2,3,3,3,2,1
311114,3111,2,2,2,3,2,3,3,3,2,1
311115,3111,3,2,2,3,3,3,3,2,2,1
311117,3111,2,3,3,3,3,3,3,3,3,1
311118,3111,2,3,3,3,3,3,3,3,3,1
311119,3111,3,3,3,3,3,3,3,3,3,1
311120,3111,3,3,3,3,3,3,3,3,3,1
311121,3111,3,2,1,2,2,2,3,3,3,1
311123,3111,3,3,3,3,3,3,3,3,3,1
311124,3111,3,3,3,3,3,3,3,3,3,1
311125,3111,3,0,3,3,3,3,3,3,3,1
311126,3111,2,3,3,3,3,3,3,3,3,1
311127,3111,2,2,3,3,3,3,3,3,3,1
311128,3111,3,3,3,3,3,3,3,3,3,1
311201,3112,3,3,3,3,3,3,3,3,3,1
311202,3112,3,3,3,3,3,3,3,3,2,1
311203,3112,3,3,3,3,3,3,3,3,3,1
311204,3112,3,3,3,3,3,3,3,3,3,1
311205,3112,3,3,3,3,3,3,3,3,3,1
311206,3112,3,3,3,3,3,3,3,3,2,1
311207,3112,2,3,2,2,3,3,3,3,2,1
311208,3112,2,3,2,3,3,3,3,3,1,1
311301,3113,3,3,3,3,3,3,3,3,3,1
311302,3113,1,1,2,1,1,2,1,1,1,1
311303,3113,2,2,2,2,2,2,2,2,2,1
311304,3113,3,2,1,3,3,3,3,3,3,1
311305,3113,3,3,3,3,3,3,3,3,2,1
311306,3113,2,2,2,3,1,2,3,3,3,1
311307,3113,2,1,2,3,3,3,3,3,3,1
311308,3113,1,1,1,3,0,1,1,3,1,1
311309,3113,2,2,2,3,3,3,3,3,3,1
311310,3113,2,2,3,3,3,2,3,3,3,1
311312,3113,3,3,3,3,3,3,3,3,3,1
311313,3113,3,3,2,3,3,2,3,3,3,1
311314,3113,2,2,3,2,2,3,3,3,2,1
311315,3113,2,1,2,3,3,3,3,3,3,1
311316,3113,3,2,2,3,3,3,3,3,3,1
311317,3113,1,1,1,3,3,3,3,3,3,1
311318,3113,2,2,2,3,3,2,3,3,2,1
311401,3114,0,0,0,0,0,0,0,0,0,1
311402,3114,3,3,1,3,3,3,3,3,3,1
311403,3114,2,3,0,3,3,3,3,3,3,1
311404,3114,2,2,2,2,3,3,3,3,3,1
311406,3114,0,0,0,0,0,0,0,0,0,1
311408,3114,3,3,3,3,3,3,3,3,3,1
311409,3114,3,3,2,3,3,3,3,3,3,1
311410,3114,2,3,2,3,3,3,3,3,3,1
311411,3114,2,2,2,2,3,2,3,3,2,1
311501,3115,2,3,2,3,1,2,3,3,3,1
311502,3115,3,3,3,3,2,3,3,3,3,1
311503,3115,3,3,3,3,3,3,3,3,3,1
311504,3115,2,1,3,3,3,3,3,3,3,1
311505,3115,2,3,3,3,3,3,3,3,2,1
311506,3115,3,3,3,3,3,3,3,3,1,1
311507,3115,3,3,3,3,2,3,3,3,3,1
311508,3115,3,1,2,3,2,2,3,3,2,1
311509,3115,2,2,2,3,1,3,3,3,1,1
311510,3115,3,2,2,3,2,3,3,3,3,1
311511,3115,0,0,3,3,0,0,3,0,0,1
311512,3115,3,2,2,3,1,3,3,3,3,1
311513,3115,3,3,3,2,3,3,3,3,2,1
311514,3115,2,2,3,3,2,3,3,3,3,1
311515,3115,3,2,3,3,3,2,3,3,3,1
311516,3115,3,3,3,3,3,3,3,3,3,1
311517,3115,2,2,3,3,3,3,3,2,3,1
311518,3115,3,3,3,3,2,3,3,3,3,1
311519,3115,1,2,2,3,3,2,3,2,3,1
311520,3115,3,3,3,3,3,3,3,3,2,1
311601,3116,3,3,3,3,3,3,3,3,3,1
311602,3116,3,3,2,3,3,3,3,3,3,1
311603,3116,3,3,3,2,3,3,3,3,3,1
311604,3116,3,2,3,3,3,3,3,3,3,1
311605,3116,2,2,2,3,3,3,3,3,2,1
311607,3116,3,3,3,3,3,3,3,3,3,1
311608,3116,3,3,3,3,3,3,3,3,3,1
311609,3116,2,2,2,3,3,3,3,3,2,1
311610,3116,3,3,3,3,3,3,3,3,3,1
311611,3116,3,3,2,3,3,3,3,3,3,1
311612,3116,3,2,3,3,3,3,3,3,3,1
311613,3116,3,3,3,3,3,3,3,3,3,1
311614,3116,3,3,3,3,3,3,3,3,3,1
311615,3116,3,3,3,3,3,3,3,3,3,1
311616,3116,3,3,3,3,2,3,3,3,3,1
311617,3116,3,1,2,2,3,3,3,3,3,1
311618,3116,3,1,1,2,3,2,3,3,3,1
311701,3117,3,3,3,3,3,3,3,3,3,1
311702,3117,2,2,2,3,3,3,3,3,2,1
311703,3117,3,3,2,2,3,3,3,3,3,1
311704,3117,3,3,3,3,3,3,3,3,3,1
311706,3117,0,0,0,0,0,0,0,0,0,1
311708,3117,3,3,1,3,3,3,3,3,3,1
311709,3117,2,3,2,3,2,3,3,3,3,1
311711,3117,3,3,3,3,3,3,3,3,3,1
311712,3117,3,3,3,2,2,2,2,2,3,1
311713,3117,3,3,3,3,3,3,3,3,3,1
311714,3117,2,2,3,3,1,3,3,3,3,1
311715,3117,2,2,3,3,3,3,3,3,3,1
311716,3117,3,3,3,2,3,3,3,3,3,1
311801,3118,3,3,3,3,3,3,3,3,2,1
311802,3118,3,2,3,2,3,3,3,3,2,1
311804,3118,2,3,2,3,3,2,3,3,2,1
311805,3118,3,2,1,3,3,3,3,3,2,1
311806,3118,3,3,1,3,3,2,3,3,2,1
311807,3118,3,3,2,3,3,3,3,3,3,1
311808,3118,3,3,1,3,3,3,3,3,3,1
311809,3118,3,3,3,3,3,3,3,3,3,1
311810,3118,3,2,2,3,3,3,3,3,3,1
311811,3118,3,3,3,3,3,3,3,3,3,1
311812,3118,3,2,3,2,3,3,3,3,2,1
311813,3118,3,3,3,3,3,3,3,3,3,1
311814,3118,3,1,2,3,3,3,3,3,3,1
311815,3118,3,3,3,3,3,3,3,3,3,1
311816,3118,3,3,3,3,3,3,3,3,3,1
311817,3118,3,3,3,3,3,3,3,3,3,1
311818,3118,3,3,1,3,3,3,3,3,3,1
311819,3118,3,3,2,3,3,3,3,3,3,1
311821,3118,3,3,3,3,3,3,3,3,3,1
311822,3118,3,3,3,3,3,3,3,3,3,1
311823,3118,3,3,2,3,3,3,3,3,3,1
311824,3118,3,3,2,3,3,3,3,3,3,1
311901,3119,3,2,2,3,3,2,3,3,3,1
311902,3119,3,2,3,3,3,3,3,3,3,1
311903,3119,3,3,1,3,3,3,3,3,1,1
311904,3119,3,3,3,3,3,3,3,3,2,1
311905,3119,3,3,3,3,3,3,3,3,3,1
311906,3119,3,3,3,3,3,3,3,3,2,1
311907,3119,3,2,3,3,3,3,3,3,3,1
311908,3119,3,1,1,3,3,3,3,3,3,1
311909,3119,3,3,2,3,3,3,3,3,3,1
311910,3119,3,2,3,3,3,3,3,3,3,1
311911,3119,3,2,3,3,3,3,3,3,3,1
311912,3119,3,2,2,3,3,3,3,3,3,1
311913,3119,3,3,3,2,3,3,2,3,3,1
311914,3119,2,2,2,3,3,3,3,3,3,1
311915,3119,3,2,3,3,3,3,3,3,3,1
311916,3119,2,2,3,3,3,3,3,2,3,1
311917,3119,3,3,2,3,3,3,3,3,3,1
311918,3119,1,1,1,3,3,3,3,3,3,1
311919,3119,3,3,1,2,3,3,3,3,3,1
311920,3119,3,2,1,3,3,2,3,3,2,1
312001,3120,3,3,2,3,3,3,3,3,2,1
312002,3120,3,2,2,3,3,2,3,3,1,1
312003,3120,3,3,2,3,3,3,3,3,2,1
312004,3120,3,2,2,3,3,2,3,3,2,1
312005,3120,3,2,2,3,3,2,3,3,2,1
312006,3120,3,2,2,3,3,2,3,3,1,1
312007,3120,3,2,2,3,3,2,3,3,1,1
312101,3121,2,2,2,3,3,3,3,3,3,1
312102,3121,0,0,0,0,0,0,0,0,0,1
312103,3121,3,2,2,3,3,2,2,3,2,1
312104,3121,2,2,3,3,3,3,3,3,3,1
312105,3121,3,3,3,3,3,3,3,3,3,1
312106,3121,3,3,3,3,3,3,3,3,3,1
312107,3121,3,3,3,3,3,3,3,3,3,1
312108,3121,3,3,3,3,3,3,3,3,3,1
312109,3121,2,3,3,3,3,3,3,3,2,1
312110,3121,2,3,2,2,3,3,3,3,2,1
312111,3121,2,2,1,3,2,3,3,3,3,1
312112,3121,3,3,2,3,3,3,3,3,1,1
312113,3121,3,3,2,3,1,3,3,3,3,1
312114,3121,2,2,2,2,2,2,2,2,2,1
312115,3121,3,3,3,3,3,3,3,3,3,1
312116,3121,0,0,1,2,0,0,2,0,0,1
312117,3121,2,3,3,3,2,3,3,3,2,1
312118,3121,3,3,3,3,3,3,3,3,3,1
312119,3121,3,2,3,3,3,3,3,3,3,1
312120,3121,2,2,1,3,3,3,3,3,2,1
312121,3121,3,3,3,3,3,3,3,3,3,1
312122,3121,3,3,3,3,3,3,3,3,3,1
312123,3121,3,3,3,3,3,3,3,3,3,1
312124,3121,0,0,0,0,0,0,0,0,0,1
312125,3121,0,0,0,0,0,0,0,0,0,1
312201,3122,2,3,3,3,3,3,3,3,3,1
312202,3122,3,3,1,3,3,3,3,3,3,1
312203,3122,3,3,3,3,3,3,3,3,3,1
312204,3122,3,3,3,2,3,3,3,3,3,1
312205,3122,3,3,3,3,3,3,3,3,3,1
312206,3122,3,3,3,3,3,3,3,3,3,1
312207,3122,2,3,3,3,2,2,3,3,2,1
312208,3122,3,3,3,3,3,3,3,3,3,1
312209,3122,3,3,3,3,3,3,3,3,3,1
312210,3122,3,3,3,3,3,3,3,3,3,1
312211,3122,0,0,0,0,0,0,0,0,0,1
312212,3122,3,3,3,3,3,3,3,3,3,1
312213,3122,3,3,3,3,3,3,3,3,2,1
312214,3122,3,3,2,3,3,3,3,3,3,1
312215,3122,3,3,3,3,3,3,3,3,3,1
312301,3123,3,3,3,3,3,3,3,3,3,1
312303,3123,3,3,3,2,1,3,3,3,3,1
312304,3123,3,2,2,3,3,3,3,3,3,1
312305,3123,1,1,1,1,1,1,1,1,1,1
312306,3123,3,3,2,3,3,3,3,3,3,1
312307,3123,0,0,0,0,0,0,0,0,0,1
312308,3123,3,3,3,3,3,3,3,3,3,1
312309,3123,3,3,3,3,3,3,3,3,3,1
312310,3123,2,2,2,2,2,2,2,0,2,1
312311,3123,3,3,3,3,3,3,3,3,3,1
312312,3123,3,3,3,2,3,3,3,3,3,1
312313,3123,3,3,3,3,3,3,3,3,3,1
312401,3124,0,0,0,0,0,0,0,0,0,1
312402,3124,3,3,3,3,3,3,3,3,3,1
312403,3124,2,3,3,3,3,3,3,2,2,1
312404,3124,3,2,2,3,3,2,3,3,3,1
312406,3124,2,3,2,3,3,3,3,3,3,1
312409,3124,3,3,2,3,3,3,3,3,2,1
312410,3124,2,1,2,3,1,3,3,3,1,1
312411,3124,3,3,2,3,3,3,3,3,3,1
312413,3124,3,3,3,3,2,3,3,3,2,1
312414,3124,3,2,1,3,3,2,3,3,2,1
312415,3124,3,3,3,3,3,3,3,3,3,1
312416,3124,3,2,3,3,3,3,3,3,2,1
312417,3124,3,2,3,3,3,3,3,3,3,1
312418,3124,3,3,3,3,3,3,3,3,3,1
312419,3124,2,2,1,3,2,2,3,3,3,1
312502,3125,3,3,3,3,3,3,3,3,3,1
312503,3125,3,2,1,2,1,3,3,3,1,1
312504,3125,2,3,3,3,3,3,3,3,3,1
312505,3125,1,3,2,3,2,2,3,3,3,1
312506,3125,0,0,0,0,0,0,0,0,0,1
312507,3125,3,3,2,2,1,3,3,3,2,1
312508,3125,3,3,3,3,1,3,3,3,2,1
312509,3125,3,3,2,3,3,3,3,3,3,1
312510,3125,3,3,3,2,3,3,3,3,3,1
312511,3125,3,3,3,3,3,3,3,3,3,1
312512,3125,3,3,3,3,3,3,3,3,3,1
312605,3126,3,3,3,3,3,3,3,3,2,1
312606,3126,3,3,3,3,3,3,3,3,3,1
312607,3126,3,3,3,3,3,3,3,3,3,1
312609,3126,3,3,3,3,3,3,3,3,3,1
312611,3126,3,3,3,3,2,3,3,3,3,1
312612,3126,2,3,2,3,3,2,3,3,2,1
312613,3126,3,2,2,2,3,2,3,3,2,1
312614,3126,3,3,1,3,3,3,3,3,3,1
312616,3126,3,3,3,3,3,3,3,3,3,1
312701,3127,3,3,3,3,3,3,3,3,3,1
312702,3127,3,3,3,3,3,3,3,3,1,1
312703,3127,3,3,3,3,3,3,3,3,3,1
312704,3127,3,3,2,3,3,3,3,3,3,1
312705,3127,3,2,3,2,3,3,3,3,3,1
312706,3127,3,3,2,2,3,3,3,3,3,1
312707,3127,3,3,3,3,3,3,3,3,3,1
312708,3127,3,3,2,2,3,3,3,3,3,1
312709,3127,3,3,3,3,3,3,3,3,2,1
312710,3127,0,0,0,0,0,0,0,0,0,1
312801,3128,2,2,2,3,3,3,3,3,3,1
312802,3128,0,0,0,0,0,0,0,0,0,1
312805,3128,3,2,3,3,3,3,3,3,1,1
312806,3128,3,3,3,3,3,3,3,3,3,1
312903,3129,3,3,3,3,3,3,3,3,3,1
312904,3129,3,3,3,3,3,0,3,3,3,1
312905,3129,2,2,2,3,3,3,3,3,3,1
312906,3129,2,2,2,3,3,3,3,3,3,1
312907,3129,2,2,2,3,3,3,3,3,3,1
312908,3129,3,3,3,3,3,3,3,3,3,1
312909,3129,3,3,3,3,3,3,3,3,3,1
312910,3129,3,3,3,3,3,3,3,3,3,1
312911,3129,3,3,3,3,3,3,3,3,3,1
312912,3129,3,3,3,3,3,3,3,3,3,1
312913,3129,2,1,1,2,2,2,2,2,2,1
312914,3129,2,2,2,3,3,3,3,3,3,1
312915,3129,2,2,2,3,3,3,3,3,3,1
312916,3129,3,3,3,3,3,3,3,3,2,1
312917,3129,2,2,2,3,3,3,3,3,3,1
312918,3129,3,3,3,3,3,3,3,3,3,1
312919,3129,2,2,2,3,3,3,3,3,3,1
313001,3130,2,3,2,2,3,3,3,3,2,1
313002,3130,3,3,3,1,3,3,3,3,3,1
313003,3130,3,3,3,3,3,3,3,3,3,1
313004,3130,2,2,3,2,3,3,3,3,2,1
313005,3130,2,2,2,2,2,2,2,2,2,1
313006,3130,3,3,3,3,2,3,3,3,3,1
313007,3130,3,2,3,2,3,3,3,3,3,1
313008,3130,2,3,2,3,3,3,3,3,3,1
313101,3131,3,3,3,2,2,3,3,3,3,1
313102,3131,3,3,3,3,3,3,3,3,1,1
313103,3131,3,3,3,3,3,3,3,3,1,1
313104,3131,3,3,3,3,3,3,3,3,1,1
313105,3131,3,3,3,2,3,3,3,3,2,1
313106,3131,3,3,3,3,3,3,3,3,1,1
313107,3131,3,3,3,3,3,3,3,3,1,1
313201,3132,3,3,3,3,3,3,3,3,3,1
313202,3132,3,3,3,3,3,3,3,3,3,1
313203,3132,3,3,3,3,3,3,3,3,3,1
313204,3132,3,3,3,2,3,3,3,2,1,1
313205,3132,2,2,2,2,2,2,2,2,2,1
313206,3132,2,2,2,2,2,2,3,3,3,1
313207,3132,3,3,3,3,3,3,3,3,2,1
313208,3132,3,2,3,3,3,3,3,3,3,1
313209,3132,3,2,3,3,3,3,3,3,3,1
313210,3132,3,3,2,3,3,3,3,3,3,1
313211,3132,2,3,1,3,3,3,3,3,3,1
313212,3132,1,1,1,3,3,3,3,3,3,1
313213,3132,3,3,3,3,3,3,3,3,2,1
313214,3132,3,3,3,3,3,3,3,3,3,1
313215,3132,3,3,3,3,3,3,3,3,2,1
313216,3132,1,1,3,3,3,3,3,3,1,1
313217,3132,2,3,2,3,3,3,3,3,3,1
313218,3132,3,3,3,3,3,3,3,3,3,1
313219,3132,3,3,3,3,3,3,3,3,3,1
313220,3132,3,3,3,3,3,3,3,3,3,1
313302,3133,3,3,3,3,3,3,3,3,3,1
313303,3133,2,3,3,3,3,3,3,3,3,1
313304,3133,3,3,3,3,3,3,3,3,3,1
313305,3133,3,3,3,3,3,3,3,3,3,1
313306,3133,3,2,3,3,2,3,3,2,2,1
313401,3134,3,2,3,2,3,3,3,3,1,1
313402,3134,3,3,3,3,3,3,3,3,3,1
313403,3134,3,1,3,3,3,3,3,3,3,1
313404,3134,3,3,3,3,3,3,3,3,2,1
313406,3134,3,3,3,3,3,3,3,3,3,1
313409,3134,3,2,2,3,1,2,3,3,2,1
313410,3134,3,3,3,3,3,3,3,3,3,1
313411,3134,3,3,3,3,3,3,3,3,3,1
313412,3134,2,2,2,2,2,2,2,0,0,1
313414,3134,3,3,3,1,3,3,3,3,2,1
313415,3134,2,3,2,3,3,3,3,3,2,1
313416,3134,0,0,0,0,0,0,0,0,0,1
313417,3134,3,3,3,3,3,3,3,3,0,1
313418,3134,3,3,3,3,3,3,3,3,3,1
313419,3134,3,3,2,3,3,3,3,3,3,1
313420,3134,0,0,0,0,0,0,0,0,0,1
313501,3135,3,3,3,3,3,3,3,3,3,1
313502,3135,3,3,1,3,3,3,3,3,3,1
313505,3135,3,3,2,3,2,3,3,3,2,1
313506,3135,2,2,2,3,2,3,2,3,3,1
313507,3135,1,3,3,3,3,3,3,3,3,1
313508,3135,3,3,3,3,3,3,3,3,3,1
313509,3135,3,3,3,3,3,3,3,3,3,1
313510,3135,3,3,3,3,3,3,3,3,3,1
313511,3135,3,3,3,3,3,3,3,3,3,1
313513,3135,3,3,3,3,3,3,3,3,3,1
313514,3135,3,3,3,3,3,3,3,3,2,1
313517,3135,3,3,3,3,3,3,3,3,3,1
313519,3135,3,3,3,3,3,3,3,3,3,1
313520,3135,3,3,3,3,3,3,3,3,2,1
313602,3136,2,2,2,3,3,3,3,2,3,1
313603,3136,2,3,3,3,3,3,3,3,3,1
313604,3136,3,3,3,3,3,3,3,3,3,1
313605,3136,3,3,3,3,3,3,3,3,3,1
313606,3136,1,2,1,3,3,3,3,3,3,1
313608,3136,2,2,2,2,2,2,2,2,2,1
313609,3136,3,3,3,3,3,3,3,3,3,1
313611,3136,3,2,2,3,3,3,3,3,3,1
313612,3136,0,0,0,0,0,0,0,0,0,1
313613,3136,3,3,3,3,3,3,3,3,3,1
313614,3136,3,2,2,3,3,3,3,3,2,1
313615,3136,3,3,3,3,3,3,3,3,3,1
313616,3136,2,2,2,3,3,3,3,3,3,1
313617,3136,3,2,3,3,3,3,3,3,3,1
313619,3136,3,3,3,3,3,3,3,3,3,1
313620,3136,1,1,2,3,3,3,3,3,3,1
313701,3137,3,3,2,3,3,3,3,3,2,1
313703,3137,3,2,3,3,2,3,3,3,3,1
313704,3137,3,3,2,2,2,3,3,3,1,1
313705,3137,3,1,1,3,3,2,3,3,3,1
313706,3137,3,2,2,3,3,3,3,3,2,1
313707,3137,1,1,1,3,3,1,3,3,2,1
313708,3137,3,2,1,2,2,3,3,3,3,1
313710,3137,3,3,3,3,3,3,3,3,3,1
313711,3137,3,3,3,3,3,3,3,3,3,1
313712,3137,3,3,2,2,2,2,3,3,2,1
313713,3137,2,3,2,2,3,3,3,3,2,1
313714,3137,3,2,2,3,3,2,2,3,3,1
313715,3137,3,2,1,3,3,2,3,3,2,1
313716,3137,1,1,1,1,1,1,1,1,1,1
313717,3137,1,1,3,3,2,3,3,3,3,1
313718,3137,3,2,2,3,2,3,3,3,3,1
313719,3137,3,3,3,3,3,3,3,3,3,1
313801,3138,3,3,3,3,3,3,3,3,3,1
313802,3138,1,1,1,3,2,3,3,3,3,1
313803,3138,3,3,3,3,3,3,3,3,3,1
313804,3138,2,2,1,3,3,3,3,3,3,1
313805,3138,1,2,2,3,3,3,3,3,3,1
313806,3138,3,3,3,3,3,3,3,3,2,1
313807,3138,2,2,2,3,3,3,3,3,2,1
313808,3138,3,3,3,3,3,3,3,3,3,1
313809,3138,2,3,2,2,3,3,3,3,2,1
313901,3139,3,3,2,2,1,3,3,3,1,1
313902,3139,3,2,3,2,3,3,3,3,1,1
313903,3139,3,3,2,3,3,3,3,3,3,1
313904,3139,3,3,3,3,3,3,3,3,3,1
313905,3139,2,3,3,3,3,3,3,3,3,1
313906,3139,3,3,3,3,3,3,3,3,1,1
313907,3139,3,3,3,3,3,3,3,3,3,1
313908,3139,2,2,1,2,2,2,2,2,2,1
313909,3139,3,3,3,3,3,3,3,3,3,1
313910,3139,3,3,3,3,3,3,3,3,3,1
313911,3139,3,3,3,3,3,3,3,3,3,1
313912,3139,2,2,3,3,3,3,3,3,3,1
314001,3140,3,3,3,3,3,3,3,3,3,1
314002,3140,3,1,3,3,3,3,3,3,2,1
314003,3140,3,2,3,2,2,3,3,3,2,1
314004,3140,3,3,3,3,3,3,3,3,1,1
314005,3140,3,3,3,3,3,3,3,3,3,1
314006,3140,3,1,3,3,2,3,3,3,2,1
314007,3140,3,3,3,3,3,3,3,3,2,1
314008,3140,3,3,3,3,3,3,3,3,3,1
314101,3141,3,2,2,3,3,3,3,3,3,1
314102,3141,3,3,3,3,3,3,3,3,3,1
314103,3141,3,3,2,3,3,3,3,3,3,1
314104,3141,2,1,2,3,3,3,3,3,3,1
314105,3141,2,3,2,3,3,3,2,3,2,1
314106,3141,3,3,3,3,3,3,3,3,2,1
314107,3141,3,3,3,3,3,3,3,3,3,1
314109,3141,1,2,1,3,3,1,3,3,3,1
314110,3141,2,3,1,3,3,3,3,3,1,1
314111,3141,2,3,1,3,3,3,3,3,1,1
314112,3141,3,3,3,3,3,3,3,3,3,1
314113,3141,2,2,1,3,3,3,3,3,3,1
314114,3141,2,3,3,3,3,3,3,3,3,1
314116,3141,3,3,3,3,3,3,3,3,3,1
314117,3141,1,2,3,3,3,2,2,3,2,1
314118,3141,3,3,2,3,3,3,3,3,3,1
314119,3141,3,3,2,2,3,3,3,3,2,1
314120,3141,3,3,3,3,3,3,3,3,3,1
314201,3142,3,3,3,3,3,3,3,3,3,1
314202,3142,3,3,2,3,3,2,3,3,3,1
314203,3142,3,3,2,3,3,3,3,3,2,1
314204,3142,3,3,3,3,3,3,3,3,3,1
314205,3142,2,3,2,1,3,3,3,3,3,1
314206,3142,3,3,2,3,3,2,3,3,3,1
314207,3142,3,3,3,3,3,3,3,3,2,1
314208,3142,1,2,1,2,3,3,3,3,3,1
314302,3143,3,3,3,3,3,3,3,3,3,1
314304,3143,3,3,3,3,3,3,3,3,3,1
314305,3143,3,3,2,3,3,3,3,3,2,1
314306,3143,3,3,3,3,3,3,3,3,2,1
314307,3143,2,2,2,3,3,3,3,2,3,1
314308,3143,3,3,3,3,3,3,3,3,3,1
314309,3143,3,3,3,3,3,3,3,3,3,1
314311,3143,3,3,3,3,3,3,3,3,3,1
314312,3143,3,3,3,3,3,3,3,3,3,1
314401,3144,0,0,0,0,0,0,0,0,0,1
314402,3144,3,2,2,3,3,3,3,3,3,1
314403,3144,2,3,3,3,3,3,3,3,3,1
314405,3144,0,0,0,0,0,0,0,0,0,1
314407,3144,0,0,0,0,0,0,0,0,0,1
314408,3144,3,3,3,3,3,3,3,2,1,1
314409,3144,3,1,1,3,3,3,3,3,3,1
314410,3144,2,2,1,3,3,3,3,3,1,1
314411,3144,3,3,2,3,3,3,3,3,2,1
314412,3144,3,2,2,3,3,3,3,2,3,1
314413,3144,0,0,0,0,0,0,0,0,0,1
314415,3144,2,3,2,3,3,2,3,3,3,1
314416,3144,2,1,2,3,2,3,3,2,1,1
314417,3144,3,3,3,3,3,3,3,3,3,1
314418,3144,3,3,3,3,3,3,3,3,2,1
314419,3144,3,2,2,3,3,3,3,2,2,1
314421,3144,3,3,3,2,3,3,3,3,3,1
314422,3144,3,3,3,3,3,3,3,3,3,1
314423,3144,2,3,2,3,2,2,3,3,3,1
314424,3144,3,3,3,3,3,3,3,3,2,1
314502,3145,2,2,2,3,3,3,3,3,3,1
314503,3145,2,2,3,2,3,3,3,3,2,1
314504,3145,3,3,3,3,3,3,3,3,3,1
314505,3145,3,3,3,3,3,3,3,3,3,1
314506,3145,3,3,3,2,3,3,3,3,2,1
314507,3145,2,3,2,1,3,3,2,3,2,1
314509,3145,2,2,3,3,3,3,3,3,2,1
314510,3145,3,3,2,3,3,3,3,3,3,1
314511,3145,3,3,3,3,3,3,3,3,3,1
314512,3145,3,3,3,3,3,3,3,3,3,1
314513,3145,3,3,2,3,3,3,3,3,2,1
314514,3145,3,3,3,3,3,3,3,3,3,1
314601,3146,3,3,3,3,3,3,3,3,3,1
314602,3146,1,1,3,3,2,3,3,3,2,1
314603,3146,0,0,0,0,0,0,0,0,0,1
314604,3146,2,3,2,2,2,3,3,3,3,1
314605,3146,2,2,2,2,2,3,3,3,3,1
314606,3146,3,3,1,3,3,3,3,3,3,1
314701,3147,2,2,2,2,3,3,3,3,2,1
314702,3147,1,2,2,1,1,2,2,3,1,1
314703,3147,2,3,3,3,3,3,3,3,3,1
314704,3147,3,3,3,3,3,3,3,3,3,1
314705,3147,3,2,2,3,3,3,3,3,3,1
314706,3147,2,1,2,3,3,2,3,3,2,1
314707,3147,3,3,2,2,2,3,3,3,2,1
314708,3147,2,2,2,3,3,3,3,2,2,1
314709,3147,3,1,2,3,2,2,3,3,3,1
314710,3147,3,2,1,2,1,2,3,3,3,1
314711,3147,2,2,3,2,2,3,3,3,2,1
314712,3147,2,3,3,3,3,3,3,3,3,1
314713,3147,3,3,3,2,2,3,3,3,3,1
314801,3148,3,3,3,3,3,3,3,3,3,1
314803,3148,3,3,2,3,3,3,3,3,3,1
314804,3148,2,2,2,1,2,1,2,3,2,1
314805,3148,3,0,0,0,0,0,0,0,0,1
314806,3148,3,3,3,3,3,3,3,3,2,1
314807,3148,3,3,3,3,3,3,3,3,3,1
314901,3149,3,3,2,3,3,3,3,3,3,1
314902,3149,3,2,2,1,3,2,3,3,1,1
314903,3149,3,3,3,3,3,3,3,3,3,1
314904,3149,3,3,3,3,3,3,3,3,3,1
314905,3149,3,3,3,3,3,3,3,3,2,1
314906,3149,2,2,2,3,3,3,3,3,3,1
315001,3150,2,2,2,3,2,2,3,3,3,1
315002,3150,2,3,3,3,3,3,3,3,3,1
315003,3150,3,3,3,3,3,3,3,3,3,1
315004,3150,2,3,2,3,2,3,3,3,3,1
315005,3150,2,2,2,2,3,3,3,3,3,1
315006,3150,3,3,3,3,3,3,3,3,3,1
315101,3151,3,3,3,3,3,3,3,3,3,1
315102,3151,3,3,3,3,3,3,3,3,3,1
315103,3151,3,3,3,3,3,3,3,3,3,1
315104,3151,3,3,2,3,3,3,3,3,3,1
315105,3151,3,3,3,3,3,3,3,3,3,1
315108,3151,2,3,2,3,3,3,3,3,3,1
315109,3151,2,3,3,3,3,3,3,3,3,1
315110,3151,0,0,0,0,0,0,0,0,0,1
315111,3151,3,3,2,3,3,3,3,3,1,1
315112,3151,3,3,3,3,3,3,3,3,3,1
315113,3151,2,3,2,2,3,2,3,3,3,1
315114,3151,3,3,3,3,3,3,3,3,3,1
315115,3151,3,3,3,3,3,3,3,3,2,1
315116,3151,3,3,3,3,3,3,3,3,3,1
315117,3151,3,3,3,3,3,3,3,3,3,1
315118,3151,2,3,2,3,3,3,3,3,2,1
315119,3151,3,3,3,3,3,3,3,3,3,1
315120,3151,3,3,2,3,3,2,3,3,3,1
315121,3151,0,0,0,0,0,0,0,0,0,1
315123,3151,3,2,1,3,3,3,3,3,3,1
315126,3151,2,1,1,3,3,3,3,3,3,1
315201,3152,3,3,3,3,3,3,3,3,3,1
315202,3152,3,3,3,3,3,3,3,3,3,1
315204,3152,3,3,3,3,3,3,3,3,2,1
315205,3152,3,2,3,3,3,3,3,3,3,1
315207,3152,3,2,2,3,3,3,3,3,3,1
315208,3152,3,3,3,3,3,3,3,3,2,1
315209,3152,3,3,3,3,3,3,3,3,3,1
315213,3152,2,2,2,2,2,2,2,2,2,1
315214,3152,2,3,2,3,3,3,3,3,3,1
315401,3154,3,3,3,3,3,3,3,3,3,1
315402,3154,3,3,3,3,3,3,3,3,3,1
315403,3154,3,3,3,3,3,3,3,3,3,1
315404,3154,3,2,2,3,3,3,3,3,3,1
315405,3154,2,2,2,2,2,2,2,2,2,1
315406,3154,3,3,3,3,3,3,3,3,3,1
315408,3154,3,3,3,3,3,3,3,3,3,1
315409,3154,3,3,3,3,3,3,3,3,3,1
315501,3155,3,3,3,3,3,3,3,3,3,1
315502,3155,2,3,2,2,3,2,3,3,1,1
315503,3155,3,3,3,3,3,3,3,3,3,1
315504,3155,3,3,3,3,3,3,3,3,3,1
315505,3155,3,3,2,3,3,3,3,3,3,1
315506,3155,2,3,3,3,3,3,3,3,2,1
315508,3155,2,3,3,3,3,3,3,3,2,1
315510,3155,2,3,3,3,3,3,3,3,2,1
315602,3156,3,2,3,3,3,3,3,3,3,1
315603,3156,3,3,3,3,3,3,3,3,2,1
315604,3156,3,2,0,3,0,3,3,3,2,1
315605,3156,3,3,2,3,3,3,3,3,3,1
315606,3156,3,3,3,3,3,3,3,3,3,1
315607,3156,2,3,2,3,3,3,3,3,3,1
315608,3156,3,2,3,3,3,3,3,3,3,1
315609,3156,3,3,3,3,3,3,3,3,3,1
315610,3156,2,1,2,3,3,3,3,3,3,1
315611,3156,3,2,3,3,3,3,3,3,3,1
315612,3156,3,3,3,3,3,3,3,3,3,1
315613,3156,2,2,3,3,3,3,3,3,3,1
315615,3156,3,3,0,3,0,0,3,3,1,1
315616,3156,2,2,2,2,3,3,3,3,2,1
315618,3156,3,3,3,0,3,3,3,3,3,1
315619,3156,2,2,1,3,2,3,3,3,3,1
315620,3156,3,3,2,3,3,3,3,3,3,1
315702,3157,3,3,3,3,3,3,3,3,3,1
315703,3157,3,2,3,3,3,3,3,3,2,1
315704,3157,3,3,2,3,3,3,3,3,3,1
315705,3157,3,3,3,3,3,3,3,3,3,1
315706,3157,3,3,2,3,3,3,3,3,1,1
315801,3158,3,3,2,2,3,2,3,3,3,1
315802,3158,3,3,3,3,2,3,3,3,1,1
315803,3158,3,3,3,1,1,2,3,2,2,1
315804,3158,3,3,3,3,3,3,3,3,3,1
315805,3158,2,3,2,3,3,3,3,3,2,1
315806,3158,3,3,2,1,1,3,3,3,3,1
315807,3158,2,3,2,3,3,2,3,3,1,1
315808,3158,3,3,3,3,3,3,3,3,3,1
315809,3158,3,2,2,3,3,2,3,3,1,1
315810,3158,3,2,2,2,2,3,3,3,2,1
315811,3158,3,3,3,3,3,3,3,3,3,1
315812,3158,3,3,3,1,3,3,3,3,1,1
315813,3158,2,3,2,3,2,3,3,3,2,1
315814,3158,3,2,2,3,2,2,3,2,2,1
315815,3158,3,3,3,3,3,3,3,3,3,1
315816,3158,3,3,3,2,2,3,3,2,2,1
315901,3159,3,2,2,3,2,3,3,3,3,1
315902,3159,3,3,3,3,3,3,3,3,3,1
315903,3159,3,3,3,3,3,3,3,3,3,1
315904,3159,3,3,3,3,3,3,3,3,3,1
315905,3159,3,3,3,3,3,3,3,3,3,1
315906,3159,3,3,3,3,3,3,3,3,3,1
315907,3159,3,3,3,3,3,3,3,3,3,1
315908,3159,3,3,3,3,3,3,3,3,3,1
315909,3159,2,2,1,2,3,3,3,3,2,1
315910,3159,3,2,3,3,3,3,3,3,3,1
315911,3159,3,3,3,3,3,3,3,3,3,1
315912,3159,3,3,3,3,3,3,3,3,3,1
315913,3159,3,3,3,3,3,3,3,3,3,1
315914,3159,3,3,3,3,3,3,3,3,3,1
315916,3159,3,3,2,3,3,3,3,3,3,1
315917,3159,3,3,2,3,3,3,3,3,3,1
315918,3159,3,3,3,3,3,3,3,3,3,1
315919,3159,3,2,3,3,2,2,3,3,3,1
315920,3159,3,3,3,3,3,3,3,3,3,1
315921,3159,2,1,1,3,2,2,2,3,2,1
315922,3159,2,3,3,3,3,3,3,3,3,1
316001,3160,3,3,3,3,3,3,3,3,3,1
316003,3160,3,3,3,3,3,3,3,3,3,1
316004,3160,3,3,2,3,3,3,3,3,3,1
316005,3160,2,2,2,3,3,3,3,3,2,1
316006,3160,3,3,3,3,3,3,3,3,2,1
316007,3160,2,2,3,3,3,2,3,3,3,1
316008,3160,2,2,2,3,3,2,3,2,2,1
316009,3160,3,3,2,3,3,3,3,3,3,1
316010,3160,3,3,1,3,3,3,3,3,3,1
316012,3160,3,1,2,3,2,2,2,3,2,1
316013,3160,3,2,3,2,3,3,3,3,3,1
316014,3160,3,2,2,3,3,3,3,3,3,1
316016,3160,3,2,3,3,3,3,3,3,2,1
316017,3160,3,3,3,3,3,3,3,3,3,1
316018,3160,3,3,3,3,3,3,3,3,3,1
316019,3160,3,3,3,3,3,3,3,3,3,1
316101,3161,1,1,1,1,1,1,1,1,1,1
316102,3161,3,3,3,3,3,3,3,3,3,1
316103,3161,3,3,2,3,3,3,3,3,3,1
316104,3161,0,0,0,0,0,0,0,0,0,1
316105,3161,3,3,2,3,3,3,3,3,3,1
316107,3161,3,3,3,3,3,3,3,3,3,1
316108,3161,1,2,1,3,3,2,3,3,3,1
316109,3161,3,2,2,2,3,3,3,3,3,1
316110,3161,3,3,3,3,3,3,3,3,3,1
316112,3161,3,3,3,3,3,3,3,3,3,1
316113,3161,3,3,3,3,3,3,3,3,3,1
316114,3161,3,3,3,3,2,3,3,3,2,1
316115,3161,3,3,3,3,3,3,3,3,3,1
316116,3161,2,2,1,3,3,3,3,3,2,1
316118,3161,3,3,3,2,3,3,3,2,1,1
316201,3162,3,3,3,3,3,3,3,3,3,1
316202,3162,2,1,1,3,2,3,3,3,2,1
316203,3162,3,3,3,3,3,3,3,3,3,1
316204,3162,3,2,3,3,3,3,3,3,3,1
316205,3162,2,2,2,2,2,2,2,2,2,1
316206,3162,3,3,3,3,3,3,3,3,3,1
316207,3162,3,3,3,3,3,3,3,3,3,1
316208,3162,2,3,1,3,2,2,3,3,2,1
316209,3162,3,2,2,3,3,3,3,3,3,1
316210,3162,3,3,3,3,3,3,3,3,3,1
316211,3162,3,3,3,3,3,3,3,3,3,1
316212,3162,3,3,3,3,3,3,3,3,3,1
316213,3162,3,3,3,3,3,3,3,3,3,1
316214,3162,3,3,3,3,3,3,3,3,3,1
316401,3164,3,3,3,3,3,3,3,3,3,1
316402,3164,3,1,1,3,3,3,3,3,3,1
316403,3164,3,3,3,3,3,3,3,3,3,1
316404,3164,3,3,2,2,2,3,3,2,2,1
316405,3164,3,3,3,3,3,3,3,3,3,1
316406,3164,2,2,3,3,3,3,3,2,3,1
316407,3164,3,3,3,3,3,3,3,3,2,1
316408,3164,3,3,3,3,3,3,3,3,3,1
316409,3164,3,3,3,3,3,3,3,3,3,1
316410,3164,2,2,2,3,3,3,3,3,3,1
316411,3164,3,3,3,3,3,3,3,3,3,1
316412,3164,3,2,2,2,3,3,3,2,1,1
316413,3164,2,3,3,3,3,3,3,3,2,1
316414,3164,3,3,3,3,3,3,3,2,3,1
316415,3164,2,3,3,3,3,3,3,2,3,1
316416,3164,3,3,2,2,2,3,3,3,2,1
316417,3164,3,3,3,3,3,3,3,3,1,1
316418,3164,3,3,3,3,3,3,2,3,2,1
316419,3164,3,3,3,3,3,3,3,3,3,1
316420,3164,0,0,0,0,0,0,0,0,0,1
316501,3165,3,3,3,3,3,3,3,3,3,1
316502,3165,2,2,2,3,2,3,3,3,3,1
316503,3165,3,3,3,3,3,3,3,3,3,1
316504,3165,2,3,3,3,3,3,3,3,2,1
316505,3165,3,3,2,2,3,3,3,3,2,1
316506,3165,3,3,2,3,3,3,3,3,3,1
316507,3165,3,3,3,3,3,3,3,3,2,1
316508,3165,3,3,3,3,3,3,3,3,3,1
316509,3165,3,3,3,3,3,3,3,3,3,1
316510,3165,3,3,2,2,3,3,3,3,2,1
316601,3166,2,2,1,1,1,2,2,3,2,1
316602,3166,2,2,3,3,0,2,2,2,2,1
316603,3166,3,3,3,3,3,3,3,3,3,1
316604,3166,3,2,3,3,3,3,3,3,2,1
316605,3166,3,3,3,3,3,3,3,3,3,1
316606,3166,3,3,3,3,3,3,3,3,3,1
316607,3166,3,3,3,3,3,3,3,3,3,1
316608,3166,2,2,2,2,2,2,2,2,2,1
316701,3167,3,3,3,3,3,3,3,3,3,1
316703,3167,1,1,2,2,1,2,1,1,1,1
316704,3167,3,3,1,3,3,3,3,3,2,1
316705,3167,3,3,3,3,3,3,3,3,3,1
316706,3167,3,3,3,3,3,3,3,3,2,1
316707,3167,3,3,3,3,3,3,3,3,3,1
316708,3167,3,2,3,3,3,3,3,3,3,1
316709,3167,0,0,0,0,0,0,0,0,0,1
316710,3167,3,3,3,2,3,3,3,3,3,1
316711,3167,3,3,3,3,3,3,3,3,3,1
316712,3167,3,2,2,3,3,3,3,3,3,1
316713,3167,3,3,3,3,3,3,3,3,2,1
316714,3167,3,3,2,2,3,3,3,3,1,1
316715,3167,3,3,3,3,3,3,3,3,3,1
316716,3167,3,3,3,3,3,3,3,3,3,1
316717,3167,3,3,3,3,3,3,3,3,3,1
316718,3167,3,3,2,3,3,3,3,3,1,1
316719,3167,3,3,3,3,3,3,3,3,3,1
316721,3167,2,2,2,2,2,2,2,2,2,1
316722,3167,3,3,3,3,3,3,3,3,3,1
316723,3167,3,3,2,3,3,3,3,3,2,1
316724,3167,3,3,1,3,3,3,3,3,3,1
316725,3167,3,3,3,3,3,3,3,3,3,1
316801,3168,0,0,0,0,0,0,0,0,0,1
316802,3168,3,3,3,3,3,3,3,3,3,1
316803,3168,2,2,2,2,2,2,3,3,2,1
316804,3168,2,2,2,3,2,3,3,3,3,1
316806,3168,3,2,3,3,3,3,3,3,3,1
316807,3168,3,3,3,3,3,3,3,3,3,1
316808,3168,2,3,2,3,1,2,3,3,1,1
316809,3168,3,3,3,3,3,3,3,3,3,1
316810,3168,0,0,0,0,0,0,0,0,0,1
316811,3168,3,3,3,3,3,3,3,3,3,1
316812,3168,3,3,3,3,3,3,3,3,3,1
316813,3168,3,3,3,3,3,3,3,3,3,1
316814,3168,3,3,3,3,3,3,3,3,3,1
316815,3168,0,0,0,0,0,0,0,0,0,1
316816,3168,0,0,0,0,0,0,0,0,0,1
316817,3168,0,0,0,0,0,0,0,0,0,1
316818,3168,3,3,3,3,3,3,3,3,3,1
316819,3168,3,3,3,3,3,3,3,3,3,1
316901,3169,3,3,3,3,3,3,3,3,3,1
316902,3169,3,3,3,3,3,3,3,3,2,1
316903,3169,3,2,3,3,3,3,3,3,3,1
316904,3169,3,3,1,1,3,3,3,3,3,1
316905,3169,3,2,1,2,3,3,2,3,1,1
316906,3169,2,1,1,2,2,3,3,3,2,1
316908,3169,3,3,3,3,3,3,3,3,3,1
316909,3169,3,3,3,3,3,3,3,3,3,1
316910,3169,3,3,2,3,3,3,3,3,3,1
316911,3169,3,3,3,3,3,3,3,3,3,1
316912,3169,3,2,2,2,3,3,3,3,1,1
317001,3170,2,2,3,3,3,3,3,3,3,1
317002,3170,3,3,3,3,3,3,3,3,3,1
317003,3170,3,3,3,3,3,3,3,3,2,1
317004,3170,3,3,3,3,3,3,3,3,3,1
317005,3170,3,3,3,3,3,3,3,3,3,1
317006,3170,3,3,3,3,3,3,3,3,3,1
317008,3170,3,3,3,3,3,3,3,3,3,1
317009,3170,3,2,2,3,3,3,3,3,2,1
317010,3170,3,3,2,3,3,3,3,3,3,1
317011,3170,3,3,3,3,3,3,3,3,3,1
317012,3170,2,2,2,3,3,3,3,3,3,1
317013,3170,2,2,2,3,3,3,3,3,3,1
317014,3170,1,2,3,3,3,3,3,3,3,1
317015,3170,3,3,3,3,3,3,3,3,3,1
317016,3170,3,1,1,3,3,2,3,2,3,1
317017,3170,3,3,3,3,3,3,3,3,3,1
317018,3170,3,3,3,3,3,3,3,3,3,1
317019,3170,3,3,3,3,3,3,3,3,2,1
317021,3170,2,3,2,2,3,3,3,3,2,1
317022,3170,3,3,3,3,3,3,3,3,3,1
317023,3170,3,3,1,3,3,3,3,3,3,1
317024,3170,3,2,3,3,2,3,3,3,2,1
317025,3170,3,2,2,3,3,2,3,3,3,1
317026,3170,3,3,3,3,3,3,3,3,3,1
317027,3170,3,3,3,3,3,3,3,3,3,1
317028,3170,3,3,2,3,3,3,3,3,2,1
317029,3170,3,3,1,3,3,2,3,3,3,1
317030,3170,3,3,3,3,3,3,3,3,3,1
317101,3171,2,3,3,3,2,3,3,3,2,1
317102,3171,3,3,3,2,2,3,3,3,3,1
317103,3171,3,3,3,3,3,3,3,3,2,1
317104,3171,3,3,3,3,3,3,3,3,2,1
317105,3171,3,3,3,2,3,3,3,2,1,1
317106,3171,3,2,3,2,2,3,3,3,3,1
317107,3171,3,3,3,3,3,3,3,3,3,1
317109,3171,3,3,3,3,2,3,3,3,2,1
317110,3171,3,3,3,2,3,3,3,3,2,1
317201,3172,3,3,3,3,3,3,3,3,3,1
317203,3172,3,3,3,3,3,3,3,3,3,1
317204,3172,2,2,2,3,3,3,3,3,2,1
317206,3172,3,3,3,3,3,3,3,3,3,1
317207,3172,3,1,1,3,3,2,3,3,2,1
317208,3172,3,3,3,3,3,3,3,3,3,1
317209,3172,2,2,2,3,3,2,3,3,3,1
317210,3172,3,3,3,2,3,3,3,3,2,1
317211,3172,3,3,3,3,3,3,3,3,3,1
317212,3172,3,3,3,3,3,3,3,3,2,1
317215,3172,3,3,3,3,3,3,3,3,3,1
317216,3172,3,3,3,3,3,3,3,3,3,1
317217,3172,3,3,3,3,3,3,3,3,3,1
317301,3173,2,1,2,3,3,3,3,3,1,1
317302,3173,3,3,3,3,3,3,3,3,3,1
317303,3173,2,2,1,3,3,2,2,3,2,1
317304,3173,2,3,3,3,3,3,3,3,3,1
317305,3173,3,3,3,3,2,2,3,3,3,1
317306,3173,3,3,3,3,3,3,3,3,3,1
317307,3173,3,3,3,3,3,3,3,3,3,1
317308,3173,3,3,3,3,3,3,3,3,3,1
317310,3173,3,3,3,3,3,3,3,3,3,1
317312,3173,2,3,3,3,3,3,3,3,3,1
317313,3173,3,3,2,2,2,2,3,3,3,1
317314,3173,3,3,2,3,3,3,3,3,3,1
317315,3173,3,3,3,3,3,3,3,3,3,1
317401,3174,3,3,2,3,3,3,3,3,2,1
317402,3174,3,1,2,1,3,3,3,3,3,1
317403,3174,3,2,3,2,3,3,3,3,2,1
317404,3174,3,3,3,3,3,3,3,3,3,1
317405,3174,2,3,1,2,3,3,2,2,2,1
317406,3174,3,3,3,3,3,3,3,3,3,1
317407,3174,2,2,1,3,2,1,3,3,3,1
317408,3174,2,2,1,3,3,2,3,3,3,1
317409,3174,2,3,3,3,3,3,3,3,3,1
317410,3174,3,3,3,3,3,3,3,3,3,1
317411,3174,2,2,2,3,2,2,3,2,3,1
317412,3174,1,2,1,2,2,1,3,3,3,1
317414,3174,2,3,2,3,3,3,3,3,2,1
317415,3174,2,2,3,3,2,3,3,3,3,1
317416,3174,3,0,0,0,0,0,3,3,0,1
317417,3174,3,3,2,3,3,3,3,3,3,1
317418,3174,3,3,3,3,3,3,3,3,3,1
317419,3174,2,2,3,3,3,3,3,3,2,1
317420,3174,3,3,3,3,3,3,3,3,3,1
317501,3175,3,2,1,3,3,3,3,3,1,1
317502,3175,2,3,3,3,2,3,3,3,3,1
317503,3175,2,2,2,2,1,2,1,1,1,1
317504,3175,3,3,3,3,3,3,3,3,3,1
317505,3175,2,3,2,3,3,3,3,3,3,1
317506,3175,2,2,1,3,1,1,3,3,3,1
317507,3175,3,2,3,2,3,3,3,3,2,1
317508,3175,3,3,2,3,3,3,2,3,2,1
317509,3175,1,1,1,1,1,1,1,1,1,1
317510,3175,3,3,3,3,3,3,3,3,2,1
317511,3175,2,2,2,3,3,3,3,3,2,1
317601,3176,3,3,2,3,3,3,3,3,3,1
317602,3176,2,2,2,3,3,3,3,3,3,1
317603,3176,3,3,3,3,3,3,3,3,3,1
317604,3176,3,3,3,3,3,3,3,3,3,1
317605,3176,3,3,3,3,3,3,3,3,3,1
317606,3176,3,3,2,1,1,2,2,3,2,1
317607,3176,3,3,3,3,3,3,3,3,3,1
317608,3176,3,2,2,3,3,3,3,3,3,1
317610,3176,3,3,3,3,3,3,3,3,3,1
317611,3176,1,2,3,3,3,3,3,3,3,1
317612,3176,3,3,3,3,3,3,3,3,3,1
317613,3176,2,3,3,2,2,3,3,2,2,1
317614,3176,3,3,3,3,3,3,3,3,3,1
317615,3176,3,3,2,3,3,2,3,3,3,1
317701,3177,3,3,3,3,3,3,3,3,3,1
317702,3177,3,3,3,3,3,3,3,3,3,1
317703,3177,3,2,3,3,3,3,3,3,2,1
317704,3177,3,3,3,3,3,3,3,3,3,1
317705,3177,2,2,3,3,3,3,3,3,2,1
317706,3177,3,3,3,3,3,3,3,3,2,1
317707,3177,3,3,3,3,3,3,3,3,3,1
317708,3177,3,2,2,3,3,3,3,3,3,1
317709,3177,3,3,2,3,3,3,3,3,3,1
317710,3177,3,3,3,3,3,3,3,3,3,1
317711,3177,3,2,3,3,3,3,2,3,1,1
317712,3177,3,3,3,3,3,3,3,3,3,1
317713,3177,2,3,3,3,3,3,3,3,2,1
317714,3177,3,3,3,3,3,3,3,3,3,1
317715,3177,3,3,3,3,3,3,3,3,3,1
317716,3177,3,3,3,3,3,3,3,3,3,1
317717,3177,3,3,3,3,3,3,3,3,3,1
317718,3177,3,3,3,3,3,3,3,3,3,1
317719,3177,3,2,2,3,3,3,3,3,3,1
317720,3177,2,3,2,3,3,3,3,3,2,1
317721,3177,3,2,2,3,3,2,3,2,3,1
317722,3177,3,3,2,2,3,3,3,3,3,1
317723,3177,3,3,3,3,3,3,3,3,3,1
317801,3178,3,3,3,3,3,3,3,3,3,1
317802,3178,3,3,3,3,1,3,3,3,1,1
317803,3178,3,3,2,3,3,3,3,3,3,1
317804,3178,3,3,3,3,3,3,3,3,3,1
317805,3178,3,3,3,3,3,3,3,3,3,1
317806,3178,3,3,3,3,3,3,3,3,3,1
317807,3178,2,3,1,3,3,3,3,3,2,1
317808,3178,3,3,3,3,3,3,3,3,1,1
317809,3178,1,2,1,3,2,2,2,2,2,1
317810,3178,0,0,0,0,0,0,0,0,0,1
317811,3178,3,3,3,2,2,3,3,3,2,1
317812,3178,2,2,2,3,3,3,3,3,3,1
317813,3178,3,3,3,3,3,3,3,3,2,1
317814,3178,3,2,2,3,3,3,3,3,3,1
317815,3178,2,2,2,1,1,3,3,3,3,1
317816,3178,3,3,3,3,3,3,3,3,3,1
317817,3178,3,3,3,3,3,3,3,3,3,1
317818,3178,3,3,2,3,3,3,3,3,1,1
317819,3178,2,2,3,3,3,3,3,3,3,1
317820,3178,3,3,3,3,3,3,3,3,3,1
317821,3178,2,3,3,2,2,3,3,3,2,1
317901,3179,3,2,2,2,3,2,2,3,2,1
317902,3179,2,3,3,3,3,3,3,3,3,1
317904,3179,3,3,3,3,3,3,3,3,3,1
317905,3179,3,2,1,3,3,3,3,3,3,1
317906,3179,3,2,3,3,3,3,3,3,3,1
317907,3179,3,3,3,3,3,3,3,3,3,1
317908,3179,3,2,3,3,3,3,3,3,3,1
317909,3179,3,3,3,3,3,3,3,3,3,1
317910,3179,3,3,3,3,3,3,3,3,3,1
317911,3179,2,1,3,3,3,3,3,3,3,1
317912,3179,0,0,0,0,0,0,0,0,0,1
317913,3179,3,3,3,3,3,3,3,3,3,1
317916,3179,3,3,2,3,3,3,3,3,2,1
317917,3179,3,3,3,3,3,3,3,3,3,1
317918,3179,3,3,3,3,3,3,3,3,3,1
317919,3179,3,3,2,2,3,3,3,3,2,1
318001,3180,3,2,1,3,3,3,3,3,3,1
318002,3180,3,3,3,3,3,3,3,3,3,1
318003,3180,3,3,3,3,3,3,3,3,3,1
318004,3180,3,3,3,3,3,3,3,3,2,1
318005,3180,3,3,2,3,3,3,3,3,3,1
318006,3180,3,3,2,3,3,3,3,3,3,1
318007,3180,3,3,3,3,3,3,3,3,3,1
318101,3181,0,0,0,0,0,0,0,0,0,1
318103,3181,3,1,2,3,3,2,3,3,3,1
318104,3181,1,1,1,3,3,2,2,2,2,1
318105,3181,0,0,0,0,0,0,0,0,0,1
318106,3181,3,3,2,3,3,2,3,3,3,1
318107,3181,3,3,3,3,3,3,3,3,3,1
318108,3181,2,3,2,3,3,3,3,3,2,1
318109,3181,3,3,3,3,3,3,3,3,3,1
318110,3181,2,2,2,3,2,3,3,3,1,1
318111,3181,3,3,2,3,2,2,2,3,3,1
318112,3181,3,3,3,3,2,3,3,3,2,1
318114,3181,3,3,3,3,3,3,3,3,3,1
318115,3181,3,3,1,3,3,2,3,3,3,1
318116,3181,3,2,3,3,2,2,3,3,3,1
318119,3181,3,2,1,3,3,2,3,3,3,1
318120,3181,3,2,3,3,3,3,3,3,2,1
318201,3182,3,3,3,3,3,3,3,3,2,1
318202,3182,3,3,3,3,3,3,3,3,3,1
318203,3182,3,3,3,2,0,3,3,3,2,1
318204,3182,3,2,2,3,3,3,3,3,3,1
318205,3182,3,3,3,3,3,3,3,3,3,1
318206,3182,3,3,3,3,3,3,3,3,3,1
318207,3182,2,2,1,3,3,3,3,3,3,1
318208,3182,3,3,3,3,2,3,3,3,3,1
318209,3182,3,3,3,3,3,3,3,3,3,1
318210,3182,2,2,2,3,3,3,3,2,3,1
318212,3182,3,3,3,3,3,3,3,3,3,1
318213,3182,3,3,3,3,3,3,3,3,3,1
318214,3182,3,3,3,3,3,3,3,3,3,1
318215,3182,3,3,2,3,3,3,3,3,3,1
318216,3182,2,2,2,3,1,2,3,3,3,1
318217,3182,2,2,2,2,2,2,2,2,2,1
318218,3182,3,3,3,3,2,3,3,3,2,1
318219,3182,0,0,0,0,0,0,0,0,0,1
318301,3183,0,0,0,0,0,0,0,0,0,1
318302,3183,3,3,3,3,3,3,3,3,3,1
318303,3183,3,3,2,3,3,2,3,3,3,1
318304,3183,3,3,3,3,3,3,3,3,3,1
318305,3183,3,3,3,3,3,3,3,3,2,1
318306,3183,3,3,2,3,0,3,3,3,3,1
318401,3184,3,3,3,3,3,3,3,3,3,1
318402,3184,2,2,3,3,3,3,3,3,3,1
318403,3184,2,1,2,3,3,3,3,3,3,1
318404,3184,3,2,2,3,3,3,3,3,2,1
318405,3184,3,3,3,3,3,3,3,3,3,1
318406,3184,2,3,1,3,3,3,3,3,3,1
318408,3184,2,2,3,3,3,3,3,3,3,1
318409,3184,3,3,3,3,3,3,3,3,3,1
318410,3184,3,3,2,3,3,3,3,3,3,1
318411,3184,3,3,2,3,3,3,3,3,3,1
318412,3184,3,3,3,3,3,3,3,3,3,1
318413,3184,2,3,2,3,3,3,3,3,2,1
318414,3184,3,3,2,2,2,2,2,3,2,1
318415,3184,3,2,2,3,3,3,3,3,3,1
318418,3184,3,3,3,3,3,3,3,3,3,1
318419,3184,0,0,0,0,0,0,0,0,0,1
318420,3184,3,3,2,3,3,3,3,3,2,1
318601,3186,2,1,3,3,3,3,2,2,3,1
318602,3186,3,3,3,3,3,3,3,3,3,1
318603,3186,3,2,1,3,2,2,2,3,3,1
318604,3186,3,3,2,3,3,3,3,3,3,1
318606,3186,2,3,2,2,3,2,2,3,1,1
318607,3186,2,1,1,3,2,3,3,3,3,1
318608,3186,3,3,3,3,3,3,3,3,3,1
318609,3186,2,3,2,3,3,3,3,3,2,1
318611,3186,1,2,2,3,2,2,3,3,2,1
318612,3186,3,3,3,3,3,3,3,3,3,1
318613,3186,3,3,3,3,3,3,3,3,3,1
318614,3186,2,2,2,3,3,2,3,3,2,1
318615,3186,3,3,1,3,3,3,3,3,3,1
318617,3186,2,2,1,3,3,3,3,3,3,1
318618,3186,3,3,3,3,3,3,3,3,3,1
318619,3186,2,1,1,3,1,1,3,3,3,1
318620,3186,3,3,3,3,3,3,3,3,3,1
318701,3187,2,2,3,3,3,3,3,2,2,1
318702,3187,2,3,2,3,3,3,3,3,3,1
318703,3187,2,2,2,3,2,2,2,3,3,1
318704,3187,3,3,3,3,3,3,3,3,3,1
318705,3187,1,1,1,2,1,3,3,3,3,1
318706,3187,3,3,3,3,3,3,3,3,3,1
318707,3187,3,3,2,3,3,3,3,3,3,1
318709,3187,3,3,3,3,3,3,3,3,3,1
318710,3187,2,3,3,3,3,3,3,3,3,1
318711,3187,2,2,2,3,3,3,3,3,3,1
318712,3187,3,3,3,3,3,3,3,1,3,1
318802,3188,3,3,3,3,3,3,3,3,3,1
318803,3188,3,3,3,2,3,3,3,3,3,1
318804,3188,3,3,2,3,3,3,3,3,3,1
318901,3189,2,3,3,3,3,3,3,3,3,1
318909,3189,2,2,1,3,2,2,3,2,2,1
318911,3189,1,2,3,3,3,3,3,3,3,1
318916,3189,2,2,2,3,3,3,3,3,3,1
319001,3190,3,3,3,3,3,3,3,3,3,1
319002,3190,3,3,3,3,3,3,3,3,3,1
319003,3190,3,1,2,2,3,2,3,3,3,1
319004,3190,3,3,3,3,3,3,3,3,3,1
319101,3191,3,3,2,3,2,3,3,3,3,1
319102,3191,3,3,3,3,3,3,3,3,3,1
319103,3191,2,2,2,3,3,3,3,3,3,1
319104,3191,2,2,2,2,2,3,3,3,3,1
319105,3191,3,3,3,3,3,3,3,3,3,1
319106,3191,3,3,3,1,1,3,3,3,3,1
319107,3191,3,2,2,3,3,3,3,3,2,1
319108,3191,3,3,2,3,3,3,3,3,3,1
319109,3191,3,2,3,3,3,3,3,3,3,1
319110,3191,2,2,3,3,3,3,3,3,3,1
319201,3192,0,0,0,0,0,0,0,0,0,1
319202,3192,3,3,2,2,3,3,3,3,3,1
319203,3192,2,2,2,3,3,3,3,3,3,1
319204,3192,3,3,3,3,3,3,3,3,3,1
319205,3192,2,2,3,3,2,3,3,3,3,1
319206,3192,2,2,3,3,2,3,3,3,3,1
319207,3192,3,1,3,3,2,3,3,3,3,1
319208,3192,2,2,2,2,2,2,3,3,2,1
319209,3192,3,3,3,3,3,3,3,3,3,1
319210,3192,3,3,3,3,3,3,3,3,3,1
319211,3192,3,3,3,3,3,3,2,3,3,1
319212,3192,3,2,2,3,3,3,3,3,3,1
319213,3192,3,2,2,3,3,3,3,3,3,1
319214,3192,1,2,1,3,2,2,3,3,3,1
319215,3192,2,2,2,3,2,3,3,2,3,1
319216,3192,3,3,3,3,3,3,3,3,2,1
319217,3192,3,3,3,3,3,3,3,3,3,1
319218,3192,2,2,2,3,3,3,3,3,3,1
319219,3192,3,3,3,3,3,3,3,3,3,1
319220,3192,2,2,3,3,3,3,3,2,3,1
319221,3192,3,3,3,3,3,3,3,3,3,1
319222,3192,2,2,2,3,3,3,3,3,3,1
319223,3192,3,3,3,3,3,3,3,3,3,1
319224,3192,3,3,3,3,3,3,3,2,2,1
319225,3192,3,3,3,3,3,3,3,3,3,1
319226,3192,3,3,3,3,2,3,3,2,2,1
319228,3192,3,3,3,3,3,3,3,3,3,1
